Room #,Guest Name,Conf. # / Ident. #,Departure & ETD,Reservation Status,VIP Code,Company,Arrival & ETA,Adults/Children,Account #,Room Type,Payment Method,Balance,Projected Total Reservation Cost
,"Kadyrov, Bikatu, Ms",27991 ,18/12/2025,In-House,,Mercedes Benz,11/12/2025,2/ 0,BNC-RS28616,KGDX,,0.00EUR,"6,211.00EUR"
,,,06:45,EXT,,,20:13,,,BAR00,,0.00EUR,
,"Jahodová, Helena, Mrs",26483 ,15/12/2025,In-House,,,11/12/2025,1/ 0,BNC-RS27090,KGDX,,0.00EUR,"3,400.00EUR"
,,,10:00,,,,20:13,,,BAR00,,0.00EUR,
,"Wurfel, Brigitte, Ms",29785 ,28/12/2025,Reserved,,Adidas GmbH,23/12/2025,2/ 0,BNC-RS30436,KGDX,,0.00EUR,"3,385.00EUR"
,,,15:00,,,,22:00,,,OPQ,,0.00EUR,
,"Lauzier, Ferragus, Mr",28602 ,17/12/2025,In-House,,Apple Incorporated Spain,08/12/2025,2/ 0,BNC-RS29228,TWDX,,0.00EUR,"6,290.00EUR"
,,,14:45,KITC,,,17:33,,,CORL25,,0.00EUR,
,"Barjavel, Audrey, Ms",26482 ,15/12/2025,In-House,,,11/12/2025,1/ 0,BNC-RS27089,TWDX,,0.00EUR,"3,400.00EUR"
,,,10:00,,,,20:13,,,BAR00,,0.00EUR,
,"Vogel, Sophie, Ms",26484 ,15/12/2025,In-House,,,11/12/2025,1/ 0,BNC-RS27091,TWDX,,0.00EUR,"3,400.00EUR"
,,,10:00,,,,20:13,,,BAR00,,0.00EUR,
,"Aslakhanov, Khadimat, Ms",26909 ,24/12/2025,Reserved,,,22/12/2025,1/ 0,BNC-RS27536,TWDX,,0.00EUR,"1,650.00EUR"
,,,,,,,,,,BAREX,,0.00EUR,
,"Rodrigues, Beatriz, Mrs",28556 ,19/12/2025,In-House,,Exxon Mobil,10/12/2025,1/ 0,BNC-RS29181,KGSP,,0.00EUR,"7,562.00EUR"
,,,17:00,KITC,,,17:13,,,CORL25,,0.00EUR,
,"Volodin, Prokhor, Dear Dr",27749 ,18/12/2025,In-House,,,09/12/2025,1/ 0,BNC-RS28375,KGSP,,0.00EUR,"6,490.80EUR"
,,,13:00,SPAB,,,16:01,,,BAR10,,0.00EUR,
,"Curmi, Nate, Mr",27510 ,14/12/2025,In-House,,,08/12/2025,2/ 0,BNC-RS28137,KGSP,,0.00EUR,"5,180.00EUR"
,,,,,,,17:33,,,BAREX,,0.00EUR,
,"Bobrov, Emmanuel, Mr",27503 ,15/12/2025,In-House,,,09/12/2025,1/ 0,BNC-RS28138,TWSP,,0.00EUR,"5,355.00EUR"
,,,,,,,16:01,,,DAY,,0.00EUR,
,"Ribeiro, Breno, Mr",28303 ,29/12/2025,Reserved,,CNN News Group,22/12/2025,2/ 0,BNC-RS28927,TWSP,,0.00EUR,"5,997.00EUR"
,,,22:15,,,,21:30,,,OTA1,,0.00EUR,
,"Moore, Olivia, Ms",26480 ,13/12/2025,In-House,,,10/12/2025,1/ 0,BNC-RS27087,TWSP,,0.00EUR,"2,550.00EUR"
,,,10:00,,,,17:13,,,BAR00,,0.00EUR,
,"Þórmundsson, Bryngeir, Mr",27178 ,13/12/2025,In-House,EXE,,08/12/2025,1/ 0,BNC-RS27804,KGST,,0.00EUR,"2,913.75EUR"
,,,,,,,17:33,,,BARAD,,0.00EUR,
,"Rodrigues, Tânia, Mrs",28269 ,29/12/2025,Reserved,,,22/12/2025,2/ 0,BNC-RS28896,KGST,,0.00EUR,"6,690.00EUR"
,,,20:15,SAF,,,13:15,,,DAY,,0.00EUR,
,"Bogolyubova, Irina, Mrs",29234 ,23/12/2025,Reserved,,,22/12/2025,2/ 0,BNC-RS29866,KINGR,,0.00EUR,"1,134.00EUR"
,,,22:15,,,,17:30,,,OPQ,,0.00EUR,
,"Ferri, Dorotea, Ms",27788 ,15/12/2025,In-House,,Volkswagen AG,06/12/2025,1/ 0,BNC-RS28401,KINGR,,0.00EUR,"5,342.00EUR"
,,,20:15,KING,,,14:49,,,OPQ,,0.00EUR,
,"Santos, Guilherme, Mr",28153 ,14/12/2025,In-House,,,10/12/2025,2/ 0,BNC-RS28780,KGDX,,0.00EUR,"4,169.80EUR"
,,,11:00,EXT,,,17:13,,,BAR10,,0.00EUR,
,"Sheripov, Magomed, Mr",26903 ,18/12/2025,In-House,,,11/12/2025,1/ 0,BNC-RS27530,KGDX,,0.00EUR,"3,230.00EUR"
,,,,,,,20:13,,,BAR10,,0.00EUR,
,"Fenner, Isabella, Mrs",28580 ,14/12/2025,In-House,,Berkshire Hathaway,07/12/2025,2/ 0,BNC-RS29206,KGDX,,0.00EUR,"6,400.00EUR"
,,,08:45,EXT,,,14:28,,,OTA1,,0.00EUR,
,"Bianchi, Settimo, Mr",26849 ,16/12/2025,In-House,,,11/12/2025,1/ 0,BNC-RS27475,KGDX,,0.00EUR,"4,054.00EUR"
,,,,,,,20:13,,,BAREX,,0.00EUR,
,"Giordano, Berenice, Mrs",27572 ,21/12/2025,In-House,,,11/12/2025,1/ 0,BNC-RS28198,KGDX,,0.00EUR,"5,080.00EUR"
,,,,,,,20:13,,,OPQ,,0.00EUR,
,"Schuhmacher, Andreas, Mr",28447 ,19/12/2025,In-House,EXE,,11/12/2025,2/ 0,BNC-RS29073,KGDX,,0.00EUR,"7,016.00EUR"
,,,12:00,,,,20:13,,,BAREX,,0.00EUR,
,"Overgaard, Selma, Mrs",26481 ,15/12/2025,In-House,,,11/12/2025,1/ 0,BNC-RS27088,KGDX,,0.00EUR,"3,400.00EUR"
,,,10:00,,,,20:13,,,BAR00,,0.00EUR,
,"Izmaylov, Benjamin, Mr",28641 ,30/12/2025,Reserved,,Deloitte,22/12/2025,2/ 0,BNC-RS29269,KGDX,,0.00EUR,"7,692.00EUR"
,,,09:15,LUG,,,14:30,,,RACK,,0.00EUR,
,"Shervashidze, Kaypa, Mrs",27579 ,15/12/2025,In-House,,Tesla,11/12/2025,2/ 0,BNC-RS28206,KGDX,,0.00EUR,"2,984.80EUR"
,,,,,,,14:33,,,BAR10,,0.00EUR,
,"Pfeffer, Marina, Mrs",26971 ,13/12/2025,In-House,,,11/12/2025,1/ 0,BNC-RS27597,A1KB,,0.00EUR,"1,660.00EUR"
,,,,,,Dertour,14:33,,,OTA1,,0.00EUR,
,"Garðarsson, Steinar, Mr",27498 ,14/12/2025,In-House,,,07/12/2025,2/ 0,BNC-RS28120,KCDX,,0.00EUR,"5,677.00EUR"
,,,,,,,14:28,,,BAREX,,0.00EUR,
,"Ívarsson, Mikael, Mr",29302 ,30/12/2025,Reserved,,,23/12/2025,1/ 0,BNC-RS29934,KGDX,,0.00EUR,"5,890.00EUR"
,,,06:15,,,,05:00,,,OTA1,,0.00EUR,
,"Gallagher, Bradley, Mr",28682 ,14/12/2025,In-House,,,11/12/2025,2/ 0,BNC-RS29314,KGDX,,0.00EUR,"2,000.00EUR"
,,,22:00,PVIEW,,,14:33,,,OPQ,,0.00EUR,
,"Bogolyubova, Irina, Mrs",28541 ,30/12/2025,Reserved,,Grupo Catalana Occidente,22/12/2025,1/ 0,BNC-RS29167,KGDX,,0.00EUR,"7,127.00EUR"
,,,15:30,,,,17:00,,,BAR00,,0.00EUR,
,"Greenham, Alicia, Mrs",28676 ,13/12/2025,In-House,,,06/12/2025,1/ 0,BNC-RS29308,KCDX,,0.00EUR,"6,125.00EUR"
,,,22:15,SAF,,,14:28,,,BAREX,,0.00EUR,
,"Kwiatkowski, Benedykt, Mr",26889 ,13/12/2025,In-House,,,09/12/2025,1/ 0,BNC-RS27513,KGDX,,0.00EUR,"1,615.00EUR"
,,,,,,,16:01,,,BAR10,,0.00EUR,
,"Mueller, Johannes, Mr",28360 ,15/12/2025,In-House,REG,,09/12/2025,1/ 0,BNC-RS28986,KGDX,,0.00EUR,"4,170.50EUR"
,,,19:00,,,,16:01,,,BARAD,,0.00EUR,
,"Volodin, Prokhor, Dear Dr",28078 ,24/12/2025,Reserved,,,22/12/2025,2/ 0,BNC-RS28704,KGDX,,0.00EUR,"2,899.00EUR"
,,,06:00,,,,23:00,,,DAY,,0.00EUR,
,"Dratchev, Elisa, Ms",27933 ,16/12/2025,In-House,,Deloitte,10/12/2025,2/ 0,BNC-RS28560,KGDX,,0.00EUR,"4,545.50EUR"
,,,17:15,,,,17:10,,,BARAD,,0.00EUR,
,"Grandini, Giacomo, Mr",26392 ,28/12/2025,Reserved,,,25/12/2025,2/ 0,BNC-RS26999,KGDX,,0.00EUR,"2,377.50EUR"
,,,,,,,12:00,,,PARK,,0.00EUR,
,"Nielsen, Victoria, Ms",27495 ,18/12/2025,In-House,,,08/12/2025,1/ 0,BNC-RS28122,KGDX,,0.00EUR,"5,030.00EUR"
,,,,,,,17:33,,,OPQ,,0.00EUR,
,"Nekrasova, Elizabeth, Mrs",28373 ,15/12/2025,In-House,,Amazon Switzerland,06/12/2025,1/ 0,BNC-RS28999,KGDX,,0.00EUR,"6,049.75EUR"
,,,16:00,MIN,,,14:28,,,BARAD,,0.00EUR,
,"Lima, Lara, Ms",28199 ,13/12/2025,In-House,,,11/12/2025,2/ 0,BNC-RS28825,TWDX,,0.00EUR,"1,722.40EUR"
,,,07:30,SAF,,,14:33,,,BAR10,,0.00EUR,
,"Bazhaev, Tumisha, Ms",28034 ,30/12/2025,Reserved,,Amazon Austria,23/12/2025,1/ 0,BNC-RS28660,TWDX,,0.00EUR,"4,833.25EUR"
,,,22:15,UPGR,,,19:30,,,BARAD,,0.00EUR,
,"Lapierre, Mathilde, Ms",27758 ,16/12/2025,In-House,,CNN News Group,10/12/2025,2/ 0,BNC-RS28382,TWDX,,0.00EUR,"4,435.50EUR"
,,,17:30,,,,17:13,,,BARAD,,0.00EUR,
,"Duda, Włodzisław, Mr",27622 ,17/12/2025,In-House,,,08/12/2025,1/ 0,BNC-RS28248,KGSP,,0.00EUR,"6,231.00EUR"
,,,,,,,17:33,,,CORL25,,0.00EUR,
,"Glebova, Lily, Mrs",27791 ,24/12/2025,Reserved,,,22/12/2025,2/ 0,BNC-RS28417,KGSP,,0.00EUR,"1,696.00EUR"
,,,18:30,SM,,,16:15,,,BAR00,,0.00EUR,
,"Niels, Vermeulen, Mr",26413 ,17/12/2025,Reserved,,TechVision GmbH,16/12/2025,1/ 0,BNC-RS27020,KGSP,,0.00EUR,99.75EUR
,,,,,,,,,,GRPBASE,,0.00EUR,
,,,,,,Innovationforum Digitale Partnerschaften 2025 Group Block  |  IOV1,,,,,,,
,"Berger, Denise, Mrs",27519 ,18/12/2025,In-House,,Amazon Switzerland,10/12/2025,2/ 0,BNC-RS28144,KGSP,,0.00EUR,"5,509.60EUR"
,,,,,,,17:10,,,BAR10,,0.00EUR,
,"Ferguson, Joe, Mr",27959 ,13/12/2025,In-House,,Siemens Gamesa,05/12/2025,2/ 0,BNC-RS28585,TWSP,,0.00EUR,"5,876.60EUR"
,,,10:00,LUG,,,15:34,,,BAR10,,0.00EUR,
,"Tobias, Fischer, Mr",26477 ,13/12/2025,In-House,,,10/12/2025,1/ 0,BNC-RS27084,TWSP,,0.00EUR,"2,550.00EUR"
,,,10:00,,,,17:10,,,BAR00,,0.00EUR,
,"Barbosa, David, Mr",27911 ,15/12/2025,In-House,,Amazon Switzerland,07/12/2025,1/ 0,BNC-RS28537,KGST,,0.00EUR,"6,840.00EUR"
,,,19:00,,,,14:28,,,CORL25,,0.00EUR,
,"Dias, Erick, Mr",26993 ,13/12/2025,In-House,AIR,,08/12/2025,1/ 0,BNC-RS27619,KGST,,0.00EUR,"3,781.00EUR"
,,,,,,,17:33,,,OTA1,,0.00EUR,
,"Peacock, Rachel, Ms",27103 ,13/12/2025,In-House,,Banco Bilbao Vizcaya,09/12/2025,1/ 0,BNC-RS27728,KINGR,,0.00EUR,"2,726.00EUR"
,,,,,,,16:02,,,CORL25,,0.00EUR,
,"Gairbekov, Duqyaha, Mrs",27702 ,18/12/2025,In-House,,,09/12/2025,2/ 1,BNC-RS28328,A1KB,,0.00EUR,"7,754.00EUR"
eu1ITN00449,,,06:15,POW,,,16:01,,,CORL25,,0.00EUR,
,"Mousseau, Annette, Ms",28352 ,14/12/2025,In-House,,Accenture,11/12/2025,1/ 0,BNC-RS28978,TWDX,,0.00EUR,"3,218.00EUR"
,,,12:00,"UPGR,ACCESS",,,14:33,,,CORL25,,0.00EUR,
,"Lachapelle, Bruce, Mr",27767 ,15/12/2025,In-House,VIP,,06/12/2025,2/ 0,BNC-RS28394,A1KB,,0.00EUR,"7,859.00EUR"
,,,09:45,FPLACE,,,14:49,,,BAREX,,0.00EUR,
,"Austin, Brock, Mr",27561 ,16/12/2025,In-House,,Grupo Catalana Occidente,06/12/2025,2/ 0,BNC-RS28186,A1KB,,0.00EUR,"11,206.00EUR"
,,,,,,,14:28,,,OPQ,,0.00EUR,
,"Coles, Emma, Ms",28010 ,17/12/2025,In-House,,,16/11/2025,2/ 0,BNC-RS28636,KGDX,,0.00EUR,"24,800.00EUR"
,,,,"NUTA,FRT2,LACT",,Tui Group,22:35,,,HB,,0.00EUR,
,"Izmaylov, Benjamin, Mr",29048 ,27/12/2025,Reserved,,Adidas GmbH,23/12/2025,2/ 0,BNC-RS29682,TWDX,,0.00EUR,"2,628.00EUR"
,,,22:15,,,,18:45,,,OPQ,,0.00EUR,
,"Emma, Jansen, Ms",26406 ,17/12/2025,Reserved,,TechVision GmbH,16/12/2025,1/ 0,BNC-RS27013,KGSP,,0.00EUR,99.75EUR
,,,,,,,,,,GRPBASE,,0.00EUR,
,,,,,,Innovationforum Digitale Partnerschaften 2025 Group Block  |  IOV1,,,,,,,
,"Nowicka, Beatrycze, Ms",27739 ,20/12/2025,In-House,,,11/12/2025,2/ 0,BNC-RS28366,KGSP,,0.00EUR,"8,254.00EUR"
,,,12:45,,,,14:33,,,DAY,,0.00EUR,
,"Blau, Kevin, Mr",27037 ,13/12/2025,In-House,,,06/12/2025,1/ 0,BNC-RS27663,KGSP,,0.00EUR,"4,549.00EUR"
,,,,,,Valerie Wilson US,14:49,,,OTA1,,0.00EUR,
,"Schmidt, Johanna, Mrs",26397 ,21/12/2025,Reserved,COR,TechVision GmbH,16/12/2025,1/ 0,BNC-RS27004,KGSP,,0.00EUR,378.75EUR
eu1ITN00333,,,,,,,,,,GRPBASE,,0.00EUR,
,,,,,,Innovationforum Digitale Partnerschaften 2025 Group Block  |  IOV1,,,,,,,
,"Ferreira, Vinícius, Mr",28356 ,30/12/2025,Reserved,,Rolex AG,22/12/2025,1/ 0,BNC-RS28982,TWSP,,0.00EUR,"6,662.00EUR"
,,,18:00,,,,17:00,,,CORL25,,0.00EUR,
,"Kuster, Erik, Mr",26478 ,13/12/2025,In-House,,,10/12/2025,1/ 0,BNC-RS27085,TWSP,,0.00EUR,"2,550.00EUR"
,,,10:00,,,,17:12,,,BAR00,,0.00EUR,
,"Dąbrowski, Metody, Mr",27528 ,25/12/2025,Reserved,,Rolex AG,23/12/2025,1/ 0,BNC-RS28155,KGST,,0.00EUR,"2,048.00EUR"
,,,,,,,,,,BAR00,,0.00EUR,
,"Nevzorova, Simon, Mrs",26871 ,14/12/2025,In-House,,,09/12/2025,1/ 0,BNC-RS27497,KGST,,0.00EUR,"3,333.75EUR"
,,,,,,Tui Group,16:02,,,BARAD,,0.00EUR,
,"Giordano, Berenice, Mrs",28090 ,29/12/2025,Reserved,,Deloitte,23/12/2025,2/ 0,BNC-RS28717,KINGR,,0.00EUR,"6,506.00EUR"
,,,14:30,SPAB,,,15:45,,,BAR00,,0.00EUR,
,"Arnold, Charles, Mr",28223 ,17/12/2025,In-House,,Amazon Austria,09/12/2025,2/ 0,BNC-RS28850,KINGR,,0.00EUR,"6,135.60EUR"
,,,21:00,"UPGR,GVIEW",,,08:39,,,BAR10,,0.00EUR,
,"Pawlak, Miłosław, Mr",27560 ,14/12/2025,In-House,,Rolex AG,06/12/2025,2/ 0,BNC-RS28185,KINGR,,0.00EUR,"8,792.00EUR"
,,,,,,,14:29,,,RACK,,0.00EUR,
,"Edwards, Kieran, Mr",28412 ,16/12/2025,In-House,,Adidas GmbH,11/12/2025,2/ 1,BNC-RS29038,A1KB,,0.00EUR,"7,045.00EUR"
,,,19:00,,,,14:34,,,OTA1,,0.00EUR,
,"Kadyrov, Bikatu, Ms",27600 ,13/12/2025,In-House,,,11/12/2025,1/ 0,BNC-RS28227,TWDX,,0.00EUR,"1,030.00EUR"
,,,,,,,14:33,,,OPQ,,0.00EUR,
,"Sal, Severino, Mr",28215 ,16/12/2025,In-House,,Adidas GmbH,10/12/2025,1/ 0,BNC-RS28842,KGDX,,0.00EUR,"4,966.00EUR"
,,,16:00,HTCN,,,17:13,,,CORL25,,0.00EUR,
,"Arcuri, Bernardo, Mr",29480 ,24/12/2025,Reserved,COR,,23/12/2025,2/ 0,BNC-RS30113,KGDX,,0.00EUR,986.00EUR
,,,08:30,TWIN,,,23:30,,,OTA1,,0.00EUR,
,"Mínervudóttir, Heiðbjört, Ms",28294 ,19/12/2025,In-House,,,10/12/2025,2/ 0,BNC-RS28920,KGDX,,0.00EUR,"8,421.00EUR"
,,,21:00,SEA,,,17:10,,,RACK,,0.00EUR,
,"Evdokimov, Arthur, Mr",26854 ,29/12/2025,Reserved,,,22/12/2025,1/ 0,BNC-RS27480,KGDX,,0.00EUR,"5,730.00EUR"
,,,,,,,,,,BAREX,,0.00EUR,
,"Curmi, Nate, Mr",28015 ,16/12/2025,In-House,,,11/12/2025,2/ 0,BNC-RS28642,KGDX,,0.00EUR,"4,532.00EUR"
,,,06:30,POW,,,14:33,,,CORL25,,0.00EUR,
,"Pereira, Evelyn, Ms",28699 ,16/12/2025,In-House,,ABN Amro HQ,08/12/2025,1/ 0,BNC-RS29332,TWDX,,0.00EUR,"7,505.00EUR"
,,,10:15,POW,,,17:33,,,RACK,,0.00EUR,
,"Sultygov, Albek, Mr",28716 ,24/12/2025,Reserved,,Volkswagen AG,23/12/2025,1/ 0,BNC-RS29348,TWDX,,0.00EUR,"2,229.00EUR"
,,,21:30,,,,09:30,,,DAY,,0.00EUR,
,"Batukayev, Khalid, Mr",28317 ,17/12/2025,In-House,,Apple Incorporated Spain,10/12/2025,2/ 0,BNC-RS28943,TWDX,,0.00EUR,"3,474.00EUR"
,,,06:45,POW,,,17:13,,,DAY,,0.00EUR,
,"Lars, Bakker, Mr",26407 ,17/12/2025,Reserved,,TechVision GmbH,16/12/2025,1/ 0,BNC-RS27014,KGSP,,0.00EUR,99.75EUR
,,,,,,,,,,GRPBASE,,0.00EUR,
,,,,,,Innovationforum Digitale Partnerschaften 2025 Group Block  |  IOV1,,,,,,,
,"Waechter, Thorsten, Mr",29804 ,27/12/2025,Reserved,,Austrian Airlines,23/12/2025,1/ 0,BNC-RS30456,KGSP,,0.00EUR,"3,709.00EUR"
,,,09:30,SOFL,,,10:30,,,DAY,,0.00EUR,
,"Nekrasova, Uliana, Mrs",28252 ,30/12/2025,Reserved,,Amazon Austria,22/12/2025,1/ 0,BNC-RS28880,KGSP,,0.00EUR,"7,526.00EUR"
,,,13:45,UPGR,,,08:15,,,DAY,,0.00EUR,
,"Smit, Milan",26403 ,17/12/2025,Reserved,,TechVision GmbH,16/12/2025,1/ 0,BNC-RS27010,KGSP,,0.00EUR,99.75EUR
,,,,,,,,,,GRPBASE,,0.00EUR,
,,,,,,Innovationforum Digitale Partnerschaften 2025 Group Block  |  IOV1,,,,,,,
,"de Boer, Noor",26404 ,17/12/2025,Reserved,,TechVision GmbH,16/12/2025,1/ 0,BNC-RS27011,KGSP,,0.00EUR,99.75EUR
,,,,,,,,,,GRPBASE,,0.00EUR,
,,,,,,Innovationforum Digitale Partnerschaften 2025 Group Block  |  IOV1,,,,,,,
,"Florian, Hofer, Mr",26949 ,14/12/2025,In-House,,Volkswagen AG,07/12/2025,1/ 0,BNC-RS27575,KGSP,,0.00EUR,"4,100.00EUR"
,,,,,,,14:28,,,OPQ,,0.00EUR,
,"Van Dyke, Finn, Mr",26405 ,17/12/2025,Reserved,,TechVision GmbH,16/12/2025,1/ 0,BNC-RS27012,KGSP,,0.00EUR,99.75EUR
,,,,,,,,,,GRPBASE,,0.00EUR,
,,,,,,Innovationforum Digitale Partnerschaften 2025 Group Block  |  IOV1,,,,,,,
,"Wagner, Jonas, Mr",26479 ,13/12/2025,In-House,,,10/12/2025,1/ 0,BNC-RS27086,TWSP,,0.00EUR,"2,550.00EUR"
,,,10:00,,,,17:13,,,BAR00,,0.00EUR,
,"Mul, Jorren, Mr",26472 ,13/12/2025,In-House,,,09/12/2025,1/ 0,BNC-RS27079,TWSP,,0.00EUR,"3,400.00EUR"
,,,10:00,,,,08:39,,,BAR00,,0.00EUR,
,"Wojciechowski, Gabryŝ, Mr",27584 ,17/12/2025,In-House,,Telefonica,10/12/2025,2/ 0,BNC-RS28210,KGST,,0.00EUR,"13,303.00EUR"
,,,,UPGR,,,17:13,,,RACK,,0.00EUR,
,"Ulyanov, Milan, Mr",28200 ,16/12/2025,In-House,,,06/12/2025,1/ 0,BNC-RS28826,KGST,,0.00EUR,"12,620.00EUR"
,,,18:30,2BTH,,,14:49,,,BAREX,,0.00EUR,
,"Valsson, Gils, Mr",27878 ,15/12/2025,In-House,,Banco Bilbao Vizcaya,11/12/2025,2/ 0,BNC-RS28504,KINGR,,0.00EUR,"2,907.00EUR"
,,,18:00,,,,14:33,,,OPQ,,0.00EUR,
,"Carey, Mia, Ms",27760 ,13/12/2025,In-House,,,08/12/2025,2/ 1,BNC-RS28386,A1KB,,0.00EUR,"6,814.00EUR"
,,,11:00,PLA,,,17:33,,,OPQ,,0.00EUR,
,"Guðmundsdóttir, Bára, Dear Dr",28639 ,29/12/2025,Reserved,,Amazon Austria,22/12/2025,2/ 0,BNC-RS29271,TWDX,,0.00EUR,"5,923.00EUR"
,,,23:30,UPGR,,,12:00,,,OTA1,,0.00EUR,
,"Bull, Kyle, Mr",27903 ,16/12/2025,In-House,COR,ABN Amro HQ,07/12/2025,1/ 0,BNC-RS28533,TWDX,,0.00EUR,"6,642.80EUR"
,,,16:15,,,,14:28,,,BAR10,,0.00EUR,
,"Spark, Sofia, Mrs",27978 ,23/12/2025,Reserved,,Apple Incorporated Spain,22/12/2025,2/ 0,BNC-RS28604,KGDX,,0.00EUR,"1,341.00EUR"
,,,22:45,SOFL,,,10:45,,,BAR00,,0.00EUR,
,"Alves, Thaís, Mrs",29879 ,27/12/2025,Reserved,,Amazon Deustchland,23/12/2025,1/ 0,BNC-RS30555,KGDX,,0.00EUR,"4,465.00EUR"
,,,05:30,DIN,,,20:45,,,BAR00,,0.00EUR,
,"Valsson, Gils, Mr",27982 ,24/12/2025,Reserved,,CNN News Group,22/12/2025,1/ 0,BNC-RS28608,TWDX,,0.00EUR,"2,275.00EUR"
,,,07:45,SEA,,,17:00,,,BAR00,,0.00EUR,
,"Parry, Patrick, Mr",27966 ,14/12/2025,In-House,,Siemens Gamesa,06/12/2025,2/ 0,BNC-RS28594,TWDX,,0.00EUR,"6,493.00EUR"
,,,16:45,,,,14:29,,,CORL25,,0.00EUR,
,"Vasiliev, Moses, Mr",28449 ,16/12/2025,In-House,,Bayerische Motoren Werke (BMW),06/12/2025,2/ 0,BNC-RS29075,KGSP,,0.00EUR,"7,467.00EUR"
,,,21:00,,,,14:29,,,BAR10,,0.00EUR,
,"Eva, Gerritsen, Ms",26414 ,17/12/2025,Reserved,,TechVision GmbH,16/12/2025,1/ 0,BNC-RS27021,KGSP,,0.00EUR,99.75EUR
,,,,,,,,,,GRPBASE,,0.00EUR,
,,,,,,Innovationforum Digitale Partnerschaften 2025 Group Block  |  IOV1,,,,,,,
,"Daan, de Vries, Mr",26412 ,17/12/2025,Reserved,,TechVision GmbH,16/12/2025,1/ 0,BNC-RS27019,KGSP,,0.00EUR,99.75EUR
,,,,,,,,,,GRPBASE,,0.00EUR,
,,,,,,Innovationforum Digitale Partnerschaften 2025 Group Block  |  IOV1,,,,,,,
,"Lachapelle, Bruce, Mr",27965 ,16/12/2025,In-House,VIP,Telefonica,09/12/2025,1/ 0,BNC-RS28596,KGSP,,0.00EUR,"6,006.00EUR"
,,,07:00,UPGR,,,08:39,,,OTA1,,0.00EUR,
,"Smith, Patricia, Mrs",26471 ,13/12/2025,In-House,,,09/12/2025,1/ 0,BNC-RS27078,TWSP,,0.00EUR,"3,400.00EUR"
,,,10:00,,,,08:39,,,BAR00,,0.00EUR,
,"Dratchev, Baysangur, Mr",29343 ,31/12/2025,Reserved,,Amazon Deustchland,23/12/2025,1/ 0,BNC-RS29977,TWSP,,0.00EUR,"6,550.00EUR"
,,,21:00,,,,21:45,,,OTA1,,0.00EUR,
,"Kerr, Skye, Ms",28429 ,23/12/2025,Reserved,,,22/12/2025,1/ 0,BNC-RS29052,KGST,,0.00EUR,"2,238.00EUR"
,,,05:45,,,,15:45,,,RACK,,0.00EUR,
,"Fink, Anja, Mrs",28134 ,19/12/2025,In-House,,Siemens Gamesa,10/12/2025,2/ 0,BNC-RS28760,KGST,,0.00EUR,"8,370.80EUR"
,,,15:30,,,,17:10,,,BAR10,,0.00EUR,
,"Boxer, Mason, Mr",26858 ,14/12/2025,In-House,,,10/12/2025,1/ 0,BNC-RS27485,KINGR,,0.00EUR,"2,771.00EUR"
,,,,"GVIEW,DIN,SHOW",,,17:10,,,CORL25,,0.00EUR,
,"Cunha, Marcos, Mr",27689 ,18/12/2025,In-House,,Volkswagen AG,11/12/2025,1/ 0,BNC-RS28315,KINGR,,0.00EUR,"5,110.00EUR"
,,,,,,,14:33,,,OTA1,,0.00EUR,
,"Benediktsdóttir, Gerður, Mrs",27814 ,27/12/2025,Reserved,,,22/12/2025,1/ 0,BNC-RS28440,KINGR,,0.00EUR,"4,595.00EUR"
,,,14:30,FPLACE,,,09:00,,,OTA1,,0.00EUR,
,"Valsson, Gils, Mr",28731 ,14/12/2025,In-House,,Deloitte,08/12/2025,2/ 0,BNC-RS29364,KGDX,,0.00EUR,"10,213.00EUR"
,,,21:00,EXT,,,17:33,,,WEL,,0.00EUR,
,"Hólmgeirsson, Sturlaugur, Mr",28102 ,14/12/2025,In-House,,Saudi Aramco,09/12/2025,2/ 0,BNC-RS28727,KGDX,,0.00EUR,"2,585.00EUR"
,,,05:30,,,,16:02,,,DAY,,0.00EUR,
,"Grabowska, Karina, Ms",28606 ,16/12/2025,In-House,,Tesla,11/12/2025,2/ 0,BNC-RS29233,TWDX,,0.00EUR,"4,885.00EUR"
,,,08:15,BAL,,,14:33,,,RACK,,0.00EUR,
,"Ulyanov, Milan, Mr",27942 ,16/12/2025,In-House,,Adidas GmbH,11/12/2025,1/ 0,BNC-RS28568,TWDX,,0.00EUR,"4,686.00EUR"
,,,13:15,BAL,,,14:33,,,BAR00,,0.00EUR,
,"Harzl, Caroline, Ms",27008 ,28/12/2025,Reserved,,Amazon Switzerland,22/12/2025,1/ 0,BNC-RS27634,TWDX,,0.00EUR,"4,475.00EUR"
,,,,,,,,,,BB,,0.00EUR,
,"Pfeiffer, Swen, Mr",28476 ,14/12/2025,In-House,,Deloitte,04/12/2025,2/ 0,BNC-RS29103,TWDX,,0.00EUR,"5,225.00EUR"
,,,11:30,SM,,,12:31,,,DAY,,0.00EUR,
,"Sævarsson, Nikulás, Mr",28727 ,31/12/2025,Reserved,,,22/12/2025,1/ 0,BNC-RS29359,KGSP,,0.00EUR,"6,472.93EUR"
,,,21:15,,,,13:00,,,BARAD,,0.00EUR,
,"Seiler, Paul, Mr",28326 ,19/12/2025,In-House,,Tesla,11/12/2025,1/ 0,BNC-RS28953,TWSP,,0.00EUR,"6,006.00EUR"
,,,16:45,SOFB,,,14:33,,,OTA1,,0.00EUR,
,"Jabłońska, Małgorzata, Mrs",28088 ,18/12/2025,In-House,,Adidas GmbH,11/12/2025,2/ 0,BNC-RS28714,KGST,,0.00EUR,"8,585.00EUR"
,,,08:15,,,,14:33,,,BAR00,,0.00EUR,
,"Rochefort, Corette, Mrs",28681 ,15/12/2025,In-House,,,09/12/2025,1/ 0,BNC-RS29313,KGST,,0.00EUR,"5,601.20EUR"
,,,09:30,,,,16:02,,,BAR10,,0.00EUR,
,"Nilsen, Jack, Mr",27722 ,18/12/2025,In-House,,,09/12/2025,1/ 0,BNC-RS28349,KINGR,,0.00EUR,"6,018.00EUR"
,,,16:45,,,,16:02,,,DAY,,0.00EUR,
,"Nekrasova, Uliana, Mrs",29235 ,30/12/2025,Reserved,,Amazon Switzerland,22/12/2025,2/ 0,BNC-RS29867,TWDX,,0.00EUR,"3,814.00EUR"
,,,12:45,FPLACE,,,13:00,,,DAY,,0.00EUR,
,"Lachapelle, Bruce, Mr",28469 ,14/12/2025,In-House,VIP,Berkshire Hathaway,10/12/2025,1/ 0,BNC-RS29096,KGDX,,0.00EUR,"2,216.00EUR"
,,,08:00,,,,17:10,,,OPQ,,0.00EUR,
,"Chalmers, Ryder, Mr",28194 ,15/12/2025,In-House,,Austrian Airlines,06/12/2025,1/ 0,BNC-RS28819,KGDX,,0.00EUR,"8,292.80EUR"
,,,05:45,,,,14:29,,,BAR10,,0.00EUR,
,"Böðvarsdóttir, Dagný, Mrs",26902 ,27/12/2025,Reserved,,,22/12/2025,1/ 0,BNC-RS27528,TWDX,,0.00EUR,"4,525.00EUR"
,,,,,,,,,,BAR00,,0.00EUR,
,"Rowe, Finlay, Mr",28642 ,16/12/2025,In-House,,,11/12/2025,1/ 0,BNC-RS29274,TWDX,,0.00EUR,"4,634.00EUR"
,,,22:45,ACCESS,,,14:34,,,BAR10,,0.00EUR,
,"Taylor, Thomas, Mr",26476 ,13/12/2025,In-House,,,10/12/2025,1/ 0,BNC-RS27083,TWSP,,0.00EUR,"2,550.00EUR"
,,,10:00,,,,17:12,,,BAR00,,0.00EUR,
,"Salois, Evrard, Mr",26958 ,28/12/2025,Reserved,,,23/12/2025,1/ 0,BNC-RS27584,TWSP,,0.00EUR,"2,660.00EUR"
,,,,,,,,,,BAR10,,0.00EUR,
,"Nowak, Jacenty, Mr",26972 ,25/12/2025,Reserved,,,23/12/2025,2/ 0,BNC-RS27598,TWSP,,0.00EUR,"1,725.00EUR"
,,,,,,,,,,BAR00,,0.00EUR,
,"Cunha, Fernanda, Mrs",27610 ,16/12/2025,In-House,,CNN News Group,06/12/2025,2/ 0,BNC-RS28235,TWSP,,0.00EUR,"4,960.00EUR"
,,,,,,,14:28,,,OPQ,,0.00EUR,
,"Herbert, Aidan, Mr",28723 ,15/12/2025,In-House,,Grupo Catalana Occidente,08/12/2025,2/ 0,BNC-RS29354,KINGR,,0.00EUR,"4,945.00EUR"
,,,15:00,,,,17:33,,,CORL25,,0.00EUR,
,"Sigtryggsdóttir, Þórhildur, Ms",28483 ,14/12/2025,In-House,,,04/12/2025,2/ 0,BNC-RS29110,KINGR,,0.00EUR,"7,390.00EUR"
,,,06:00,SPAB,,,12:31,,,CORL25,,0.00EUR,
,"Jabłońska, Małgorzata, Mrs",27988 ,16/12/2025,In-House,,CNN News Group,08/12/2025,1/ 0,BNC-RS28614,KINGR,,0.00EUR,"9,966.00EUR"
,,,07:15,LF,,,17:33,,,RACK,,0.00EUR,
,"Wojciechowski, Gabryŝ, Mr",27783 ,16/12/2025,In-House,,Amazon Switzerland,11/12/2025,1/ 1,BNC-RS28410,A1KB,,0.00EUR,"5,140.00EUR"
,,,13:00,,,,14:33,,,DAY,,0.00EUR,
,"Wurfel, Brigitte, Ms",26721 ,25/12/2025,Reserved,,Apple Incorporated Spain,22/12/2025,1/ 0,BNC-RS27352,A1KB,,0.00EUR,"3,727.00EUR"
,,,11:00,,,,18:30,,,BAR00,,0.00EUR,
,"Gairbekov, Zakir, Mr",27002 ,14/12/2025,In-House,,Siemens Gamesa,10/12/2025,1/ 0,BNC-RS27628,A1KB,,0.00EUR,"3,576.00EUR"
,,,,,,,17:10,,,BAR00,,0.00EUR,
,"Gilbert, Libby, Ms",28128 ,18/12/2025,In-House,,Deloitte,11/12/2025,1/ 0,BNC-RS28753,TWDX,,0.00EUR,"3,868.00EUR"
,,,09:15,SPAB,,,14:34,,,DAY,,0.00EUR,
,"Kishiev, Zulikhan, Mrs",28029 ,15/12/2025,In-House,,Amazon Switzerland,10/12/2025,1/ 0,BNC-RS28656,KGDX,,0.00EUR,"5,005.00EUR"
,,,15:00,,,,17:10,,,RACK,,0.00EUR,
,"Conway, Alice, Ms",26743 ,13/12/2025,In-House,,,07/12/2025,2/ 0,BNC-RS27370,KCDX,,0.00EUR,"5,197.00EUR"
,,,11:00,,,Dertour,14:28,,,BAREX,,0.00EUR,
,"Sims, Isabel, Mrs",26876 ,17/12/2025,In-House,,,11/12/2025,1/ 0,BNC-RS27501,KCDX,,0.00EUR,"3,120.00EUR"
,,,,,,,14:33,,,OPQ,,0.00EUR,
,"Tôn, Khuyến, Mr",24752 ,26/12/2025,Reserved,,,23/12/2025,2/ 0,BNC-RS25290,KCDX,,0.00EUR,"5,098.00EUR"
,,,11:00,,,,18:30,,,WEL,,0.00EUR,
,"Hjörleifsson, Sveinbjörn, Mr",28214 ,18/12/2025,In-House,,,08/12/2025,2/ 0,BNC-RS28840,KCDX,,0.00EUR,"8,328.00EUR"
,,,07:30,,,,08:49,,,BAREX,,0.00EUR,
,"Glew, Sophie, Ms",28148 ,23/12/2025,Reserved,,,22/12/2025,2/ 0,BNC-RS28776,KCDX,,0.00EUR,"1,121.00EUR"
,,,07:45,,,,23:30,,,BAREX,,0.00EUR,
,"Arnold, Charles, Mr",27818 ,26/12/2025,Reserved,,,23/12/2025,1/ 0,BNC-RS28445,KCDX,,0.00EUR,"3,313.00EUR"
,,,11:00,,,,10:45,,,BAREX,,0.00EUR,
,"Bibi, Katie, Ms",27618 ,13/12/2025,In-House,,,05/12/2025,2/ 0,BNC-RS28244,TCDX,,0.00EUR,"6,656.00EUR"
,,,,,,,15:34,,,BAREX,,0.00EUR,
,"Gairbekov, Zakir, Mr",29872 ,31/12/2025,Reserved,,,23/12/2025,1/ 0,BNC-RS30544,TCDX,,0.00EUR,"7,563.00EUR"
,,,05:15,,,,07:30,,,BAREX,,0.00EUR,
,"Ferguson, Joe, Mr",27550 ,13/12/2025,In-House,,,10/12/2025,1/ 0,BNC-RS28177,TCDX,,0.00EUR,"2,570.00EUR"
,,,,,,,17:13,,,BAREX,,0.00EUR,
,"Nielsen, Victoria, Ms",27889 ,14/12/2025,In-House,,,07/12/2025,1/ 0,BNC-RS28516,TCDX,,0.00EUR,"7,328.00EUR"
,,,13:00,KING,,,14:28,,,BAREX,,0.00EUR,
,"Bogolyubova, Irina, Mrs",27105 ,24/12/2025,Reserved,,,22/12/2025,1/ 0,BNC-RS27732,TCDX,,0.00EUR,"1,670.00EUR"
,,,,,,,,,,BAREX,,0.00EUR,
,"Parrott, Luke, Mr",28502 ,14/12/2025,In-House,,,11/12/2025,1/ 0,BNC-RS29131,KCST,,0.00EUR,"4,191.00EUR"
,,,11:45,PLA,,,14:33,,,BAREX,,0.00EUR,
,"Brown, Dylan, Mr",28460 ,30/12/2025,Reserved,,,22/12/2025,1/ 0,BNC-RS29086,KCST,,0.00EUR,"10,205.00EUR"
,,,12:30,DIN,,,11:45,,,BAREX,,0.00EUR,
,"Arcuri, Bernardo, Mr",28591 ,29/12/2025,Reserved,COR,,22/12/2025,2/ 0,BNC-RS29219,KCST,,0.00EUR,"9,084.00EUR"
,,,18:30,2BTH,,,16:15,,,BAREX,,0.00EUR,
,"Hólmgeirsson, Sturlaugur, Mr",27907 ,16/12/2025,In-House,,Amazon Austria,07/12/2025,2/ 0,BNC-RS28530,KCST,,0.00EUR,"11,415.00EUR"
,,,09:00,EXT,,,14:28,,,BAREX,,0.00EUR,
,"Arnold, Charles, Mr",28290 ,16/12/2025,In-House,,,11/12/2025,1/ 0,BNC-RS28916,KCDX,,0.00EUR,"4,190.00EUR"
,,,16:30,,,,14:34,,,BAREX,,0.00EUR,
,"Ulyanov, Milan, Mr",27706 ,17/12/2025,In-House,,,10/12/2025,2/ 0,BNC-RS28332,KCDX,,0.00EUR,"6,360.00EUR"
,,,17:45,,,,17:13,,,BAREX,,0.00EUR,
,"Hrafnsdóttir, Bergljót, Mrs",27035 ,15/12/2025,In-House,,,10/12/2025,1/ 0,BNC-RS27661,TCDX,,0.00EUR,"2,370.00EUR"
,,,,,,Tui Spain,17:12,,,OTA1,,0.00EUR,
,"Geirmundsson, Samúel, Mr",27608 ,15/12/2025,In-House,COR,,09/12/2025,2/ 0,BNC-RS28232,KCDX,,0.00EUR,"5,260.00EUR"
,,,,,,,08:39,,,BAREX,,0.00EUR,
,"Murillo, Mary, Ms",26751 ,18/12/2025,In-House,,,11/12/2025,2/ 0,BNC-RS27376,KCDX,,0.00EUR,"7,025.00EUR"
,,,11:00,,,,14:33,,,BAREX,,0.00EUR,
,"Stevensson, Lars, Mr",28307 ,31/12/2025,Reserved,,,22/12/2025,1/ 0,BNC-RS28936,KCDX,,0.00EUR,"7,667.00EUR"
,,,09:45,,,,13:00,,,BAREX,,0.00EUR,
,"Braun, Eddie, Mr",27806 ,20/12/2025,In-House,DIP,,11/12/2025,2/ 0,BNC-RS28432,KCST,,0.00EUR,"13,334.00EUR"
,,,16:15,,,,14:33,,,BAREX,,0.00EUR,
,"Bibi, Katie, Ms",27918 ,14/12/2025,In-House,,Tesla,11/12/2025,2/ 0,BNC-RS28544,KCST,,0.00EUR,"4,049.00EUR"
,,,16:15,SPAB,,,14:33,,,BAREX,,0.00EUR,
,"Borodina, Evguenya, Ms",28069 ,28/12/2025,Reserved,,,22/12/2025,2/ 0,BNC-RS28693,KCST,,0.00EUR,"7,672.00EUR"
,,,13:15,KING,,,18:15,,,BAREX,,0.00EUR,
,"Wurfel, Brigitte, Ms",28565 ,14/12/2025,In-House,,,11/12/2025,2/ 0,BNC-RS29192,KCST,,0.00EUR,"4,552.00EUR"
,,,15:15,,,,14:33,,,BAREX,,0.00EUR,
,"Tôn, Ngãi, Mr",26485 ,15/12/2025,In-House,,,11/12/2025,1/ 0,BNC-RS27092,A2KB,,0.00EUR,"3,400.00EUR"
,,,10:00,,,,14:33,,,BAR00,,0.00EUR,
,"Shervashidze, Sieda, Ms",27746 ,15/12/2025,In-House,,,08/12/2025,2/ 0,BNC-RS28370,A2KB,,0.00EUR,"6,533.00EUR"
,,,16:45,BAL2,,,17:33,,,DAY,,0.00EUR,
,"Wagner, Jonas, Mr",26475 ,13/12/2025,In-House,,,09/12/2025,1/ 0,BNC-RS27082,A2KB,,0.00EUR,"3,400.00EUR"
,,,10:00,,,,16:01,,,BAR00,,0.00EUR,
,"Kowalski, Wojciech, Mr",28061 ,16/12/2025,In-House,,,11/12/2025,1/ 0,BNC-RS28688,TWDD,,0.00EUR,"4,476.00EUR"
,,,18:00,DIN,,,20:13,,,BAREX,,0.00EUR,
,"Stevensson, Lars, Mr",29083 ,27/12/2025,Reserved,,,25/12/2025,1/ 0,BNC-RS29715,KGST,,0.00EUR,"2,140.00EUR"
,,,18:30,FPLACE,,,14:00,,,DAY,,0.00EUR,
,"Martin, Shelly, Mrs",26742 ,21/12/2025,Reserved,,,19/12/2025,1/ 0,BNC-RS27368,KINGR,,0.00EUR,"1,601.00EUR"
,,,11:00,,,,18:30,,,OPQ,,0.00EUR,
,"Borkowska, Seweryna, Ms",26977 ,22/12/2025,Reserved,,,17/12/2025,1/ 0,BNC-RS27605,KGDX,,0.00EUR,"1,999.00EUR"
,,,,,,Valerie Wilson US,,,,DAY,,0.00EUR,
,"Araujo, Isabela, Mrs",29731 ,24/12/2025,Reserved,,Banco Bilbao Vizcaya,20/12/2025,2/ 0,BNC-RS30377,KGDX,,0.00EUR,"2,806.00EUR"
,,,,SOFL,,,,,,CORL25,,0.00EUR,
,"Steindórsdóttir, Málfríður, Mrs",28471 ,18/12/2025,Reserved,,Accenture,16/12/2025,1/ 0,BNC-RS29095,TWDX,,0.00EUR,"1,690.00EUR"
,,,14:00,UPGR,,,22:00,,,CORL25,,0.00EUR,
,"Benoit, Océane, Mrs",28512 ,21/12/2025,Reserved,,Tesla,16/12/2025,2/ 1,BNC-RS29138,A1KB,,0.00EUR,"6,007.00EUR"
,,,06:30,,,,17:15,,,BAR00,,0.00EUR,
,"Al Shehri, Fatimah, Ms",30323 ,20/12/2025,Reserved,,Saudi Aramco,16/12/2025,1/ 0,BNC-RS31182,TWDX,,0.00EUR,"2,160.00EUR"
,,,,,,,,,,GRPBASE,,0.00EUR,
,,,,,,Saudi Aramco Group Block  |  SAU161225,,,,,,,
,"Clubbe, Julian, Mr",28514 ,30/12/2025,Reserved,,,20/12/2025,2/ 0,BNC-RS29141,TCDX,,0.00EUR,"8,571.00EUR"
,,,20:45,PVIEW,,,09:00,,,BAREX,,0.00EUR,
,"Doiron, Laverne, Ms",27954 ,20/12/2025,Reserved,,Grupo ACS,16/12/2025,1/ 0,BNC-RS28580,KCST,,0.00EUR,"5,805.00EUR"
,,,17:00,,,,07:30,,,BAREX,,0.00EUR,
,"Berger, Denise, Mrs",29697 ,28/12/2025,Reserved,,,24/12/2025,1/ 0,BNC-RS30341,KGST,,0.00EUR,"5,521.00EUR"
,,,09:30,,,,21:00,,,BAR00,,0.00EUR,
,"Ponomaryov, Nail, Mr",26830 ,20/12/2025,Reserved,,,14/12/2025,1/ 0,BNC-RS27456,KGDX,,0.00EUR,"2,750.00EUR"
,,,,,,,,,,BB,,0.00EUR,
,"Sanschagrin, Josephe, Ms",28557 ,20/12/2025,Reserved,,,14/12/2025,2/ 0,BNC-RS29183,KCDX,,0.00EUR,"5,565.00EUR"
,,,05:00,,,,16:00,,,BAREX,,0.00EUR,
,"Ribeiro, Tomás, Mr",28705 ,25/12/2025,Reserved,,,21/12/2025,1/ 0,BNC-RS29338,TWDX,,0.00EUR,"4,202.00EUR"
,,,11:00,,,,19:30,,,RACK,,0.00EUR,
,"Salomonsson, Semundur, Mr",28672 ,17/12/2025,Due In,,,12/12/2025,2/ 0,BNC-RS29304,TWSP,,0.00EUR,"3,620.75EUR"
,,,17:15,SOFL,,,09:30,,,BARAD,,0.00EUR,
,"Berger, Denise, Mrs",27892 ,24/12/2025,Reserved,,Accenture,21/12/2025,1/ 0,BNC-RS28518,TWDX,,0.00EUR,"3,112.25EUR"
,,,05:00,UPGR,,,07:30,,,BARAD,,0.00EUR,
,"Hill, Kieran, Mr",29468 ,29/12/2025,Reserved,,,26/12/2025,1/ 0,BNC-RS30101,KCST,,0.00EUR,"5,030.00EUR"
,,,13:45,POW,,,16:30,,,BAREX,,0.00EUR,
,"Sultygov, Bakar, Mr",27940 ,23/12/2025,Reserved,,Amazon Switzerland,15/12/2025,1/ 0,BNC-RS28567,KGST,,0.00EUR,"6,599.00EUR"
,,,06:45,,,,16:30,,,CORL25,,0.00EUR,
,"Taylor, Aimee, Ms",27165 ,18/12/2025,Reserved,,,14/12/2025,1/ 0,BNC-RS27791,KGDX,,0.00EUR,"3,270.00EUR"
,,,,,,,,,,BAREX,,0.00EUR,
,"Volkova, Nina, Mrs",29086 ,29/12/2025,Reserved,,Deloitte,27/12/2025,1/ 0,BNC-RS29718,KGDX,,0.00EUR,"2,036.50EUR"
,,,14:00,,,,11:15,,,BARAD,,0.00EUR,
,"Ouellet, Aubert, Mr",29607 ,26/12/2025,Reserved,,Austrian Airlines,25/12/2025,2/ 0,BNC-RS30239,KGDX,,0.00EUR,"3,821.00EUR"
,,,19:45,,,,15:30,,,DAY,,0.00EUR,
,"Sheripov, Magomed, Mr",25133 ,31/12/2025,Reserved,,,25/12/2025,2/ 0,BNC-RS25669,KGST,,0.00EUR,"5,004.50EUR"
,,,11:00,,,,18:30,,,BB,,0.00EUR,
,"Rocha, Amanda, Ms",27235 ,18/12/2025,Reserved,,,16/12/2025,1/ 0,BNC-RS27861,KINGR,,0.00EUR,"1,478.00EUR"
,,,,,,,,,,CORL25,,0.00EUR,
,"Dias, Evelyn, Mrs",26901 ,31/12/2025,Reserved,OWNER,,26/12/2025,2/ 0,BNC-RS27529,KCDX,,0.00EUR,"8,172.90EUR"
,,,,,,American Express Fine Hotels and Resorts,,,,WEL,,0.00EUR,
,"Souza, Mateus, Mr",28611 ,30/12/2025,Reserved,,Exxon Mobil,28/12/2025,2/ 0,BNC-RS29236,TWDX,,0.00EUR,"1,908.00EUR"
,,,19:15,TWIN,,,11:00,,,OTA1,,0.00EUR,
,"Pawlak, Miłosław, Mr",27677 ,18/12/2025,Due In,,,12/12/2025,2/ 0,BNC-RS28303,A1KB,,0.00EUR,"5,380.00EUR"
,,,,,,,,,,DAY,,0.00EUR,
,"Nekrasova, Edith, Ms",29631 ,28/12/2025,Reserved,,Accenture,24/12/2025,1/ 0,BNC-RS30256,KGDX,,0.00EUR,"5,056.00EUR"
,,,13:30,UPGR,,,12:00,,,BAR00,,0.00EUR,
,"Mazzi, Germano, Mr",28612 ,21/12/2025,Reserved,,,13/12/2025,2/ 0,BNC-RS29240,KGST,,0.00EUR,"5,866.00EUR"
,,,20:15,QUI,,,12:30,,,CORL25,,0.00EUR,
,"Baumgartner, Monika, Ms",28335 ,21/12/2025,Reserved,,Bayerische Motoren Werke (BMW),13/12/2025,1/ 0,BNC-RS28959,KGDX,,0.00EUR,"7,264.00EUR"
,,,23:45,,,,10:00,,,BARAD,,0.00EUR,
,"Oddgeirsdóttir, Eva, Mrs",28464 ,18/12/2025,Reserved,,,17/12/2025,2/ 0,BNC-RS29088,KINGR,,0.00EUR,"1,657.00EUR"
,,,12:00,,,,06:30,,,CORL25,,0.00EUR,
,"Gairbekov, Duqyaha, Mrs",28235 ,24/12/2025,Reserved,,Deloitte,17/12/2025,2/ 0,BNC-RS28861,TWDX,,0.00EUR,"5,490.00EUR"
,,,22:30,DIN,,,20:00,,,OTA1,,0.00EUR,
,"Sanger, Madeleine, Mrs",28311 ,19/12/2025,Reserved,,Volkswagen AG,16/12/2025,2/ 0,BNC-RS28933,TWDX,,0.00EUR,"2,315.60EUR"
,,,09:30,,,,20:00,,,BAR10,,0.00EUR,
,"Fiorentini, Armida, Mrs",26756 ,23/12/2025,Reserved,,Grupo Catalana Occidente,21/12/2025,1/ 0,BNC-RS27382,KCDX,,0.00EUR,"2,260.00EUR"
,,,11:00,,,,18:30,,,BAREX,,0.00EUR,
,"Carvalho, Evelyn, Ms",29824 ,30/12/2025,Reserved,,,24/12/2025,2/ 0,BNC-RS30484,KCST,,0.00EUR,"7,864.00EUR"
,,,17:45,,,,06:30,,,BAREX,,0.00EUR,
,"Souplet, Roux, Mrs",27518 ,22/12/2025,Reserved,,,14/12/2025,1/ 0,BNC-RS28143,KCST,,0.00EUR,"9,905.00EUR"
,,,,,,,,,,BAREX,,0.00EUR,
,"Mainville, Prunella, Mrs",27079 ,29/12/2025,Reserved,,,28/12/2025,1/ 0,BNC-RS27704,KCDX,,0.00EUR,749.00EUR
,,,,,,,,,,CORL25,,0.00EUR,
,"Fomina, Laura, Mrs",28663 ,28/12/2025,Reserved,,Grupo ACS,18/12/2025,2/ 0,BNC-RS29296,KGDX,,0.00EUR,"7,130.50EUR"
,,,17:30,,,,05:30,,,BARAD,,0.00EUR,
,"Kowalczyk, Marcin, Mr",26869 ,30/12/2025,Reserved,,,24/12/2025,1/ 0,BNC-RS27496,KGSP,,0.00EUR,"2,610.00EUR"
,,,,,,,,,,OTA1,,0.00EUR,
,"Curtis, Kyle, Mr",26850 ,25/12/2025,Reserved,,Banco Bilbao Vizcaya,24/12/2025,1/ 0,BNC-RS27474,KGDX,,0.00EUR,474.00EUR
,,,,,,,,,,OTA1,,0.00EUR,
,"Shishani, Khadimat, Ms",28450 ,17/12/2025,Reserved,,,13/12/2025,1/ 0,BNC-RS29076,KGDX,,0.00EUR,"3,010.00EUR"
,,,23:45,,,,15:30,,,OTA1,,0.00EUR,
,"Clarke, Louise, Ms",26845 ,28/12/2025,Reserved,,,26/12/2025,1/ 0,BNC-RS27471,TWSP,,0.00EUR,"1,240.00EUR"
,,,,,,,,,,OPQ,,0.00EUR,
,"Korgay, Yunadi, Mr",28385 ,30/12/2025,Reserved,,,29/12/2025,2/ 0,BNC-RS29012,KGST,,0.00EUR,"1,549.00EUR"
,,,20:30,,,,19:30,,,BAR00,,0.00EUR,
,"Saenger, David, Mr",27644 ,20/12/2025,Reserved,,,13/12/2025,1/ 0,BNC-RS28271,A1KB,,0.00EUR,"13,293.00EUR"
,,,,,,,,,,RACK,,0.00EUR,
,"Piccio, Aleandro, Mr",28025 ,20/12/2025,Reserved,,,15/12/2025,2/ 0,BNC-RS28651,KCDX,,0.00EUR,"4,880.00EUR"
,,,22:30,,,,12:45,,,BAREX,,0.00EUR,
,"Donald, Howard, Mr",29767 ,31/12/2025,Reserved,,,29/12/2025,1/ 0,BNC-RS30415,KCST,,0.00EUR,"2,826.00EUR"
,,,14:00,SPAB,,,07:15,,,BAREX,,0.00EUR,
,"Gairbekov, Duqyaha, Mrs",29474 ,27/12/2025,Reserved,,Volkswagen AG,24/12/2025,1/ 0,BNC-RS30107,KGDX,,0.00EUR,"2,420.00EUR"
,,,14:00,GVIEW,,,22:30,,,OTA1,,0.00EUR,
,"Austin, Brock, Mr",27822 ,22/12/2025,Reserved,,ABN Amro HQ,14/12/2025,2/ 0,BNC-RS28449,KGST,,0.00EUR,"9,770.00EUR"
,,,22:45,,,,11:30,,,BAR00,,0.00EUR,
,"Shepherd, Rhys, Mr",28594 ,19/12/2025,Reserved,,,16/12/2025,2/ 0,BNC-RS29221,TWDX,,0.00EUR,"1,825.00EUR"
,,,05:15,QUI,,,18:15,,,OPQ,,0.00EUR,
,"Merewether, Isla, Ms",27198 ,24/12/2025,Reserved,,,19/12/2025,1/ 0,BNC-RS27824,TCDX,,0.00EUR,"7,985.00EUR"
,,,,,,,,,,WEL,,0.00EUR,
,"Mailly, Annot, Ms",26716 ,21/12/2025,Reserved,,,15/12/2025,1/ 0,BNC-RS27343,KCDX,,0.00EUR,"6,193.00EUR"
,,,11:00,,,,18:30,,,BAREX,,0.00EUR,
,"Timayev, Kesira, Ms",27077 ,14/12/2025,Due In,,Amazon Deustchland,12/12/2025,1/ 0,BNC-RS27705,KCDX,,0.00EUR,"1,275.00EUR"
,,,,,,,,,,BARAD,,0.00EUR,
,"Dionne, Mignonette, Ms",27110 ,18/12/2025,Reserved,,,13/12/2025,1/ 0,BNC-RS27736,KGDX,,0.00EUR,"8,345.00EUR"
,,,,,,,,,,WEL,,0.00EUR,
,"Spark, Sofia, Mrs",28093 ,31/12/2025,Reserved,,Rolex AG,27/12/2025,2/ 0,BNC-RS28719,KGSP,,0.00EUR,"3,098.00EUR"
,,,07:00,,,,10:00,,,OTA1,,0.00EUR,
,"Fuerst, David, Mr",30104 ,26/12/2025,Reserved,,Berkshire Hathaway,25/12/2025,2/ 0,BNC-RS30869,KGDX,,0.00EUR,"1,389.00EUR"
,,,21:30,KING,,,06:45,,,CORL25,,0.00EUR,
,"Fiorentini, Antonio, Mr",29537 ,31/12/2025,Reserved,,Tesla,30/12/2025,1/ 0,BNC-RS30169,KGSP,,0.00EUR,"1,273.00EUR"
,,,18:45,,,,19:30,,,DAY,,0.00EUR,
,"Goddard, Andrew, Mr",29722 ,24/12/2025,Reserved,,CNN News Group,20/12/2025,1/ 0,BNC-RS30367,TWDX,,0.00EUR,"3,396.00EUR"
,,,,HTCN,,,,,,BAR00,,0.00EUR,
,"Parry, Patrick, Mr",28133 ,27/12/2025,Reserved,,Volkswagen AG,25/12/2025,2/ 0,BNC-RS28759,KGSP,,0.00EUR,"1,543.50EUR"
,,,12:30,TWIN,,,21:45,,,BARAD,,0.00EUR,
,"Jóakimsdóttir, Rut, Mrs",29802 ,30/12/2025,Reserved,,,27/12/2025,1/ 0,BNC-RS30455,KGDX,,0.00EUR,"1,834.00EUR"
,,,22:15,,,,19:15,,,OPQ,,0.00EUR,
,"Bergmann, Gabriele, Mrs",27074 ,17/12/2025,Reserved,,,13/12/2025,1/ 0,BNC-RS27701,KGST,,0.00EUR,"2,936.00EUR"
,,,,,,,,,,CORL25,,0.00EUR,
,"Ziegler, Leonie, Mrs",28647 ,22/12/2025,Reserved,,Amazon Deustchland,18/12/2025,1/ 0,BNC-RS29279,KGDX,,0.00EUR,"4,460.00EUR"
,,,08:00,,,,10:45,,,BARAD,,0.00EUR,
,"Zotov, Leon, Mr",28404 ,16/12/2025,Due In,,ABN Amro HQ,12/12/2025,2/ 0,BNC-RS29034,TWSP,,0.00EUR,"4,021.80EUR"
,,,20:15,,,,17:00,,,BAR10,,0.00EUR,
,"Costa, Brenda, Mrs",27912 ,24/12/2025,Reserved,REG,Rolex AG,15/12/2025,1/ 0,BNC-RS28538,KCDX,,0.00EUR,"7,585.00EUR"
,,,20:45,,,,12:00,,,BAREX,,0.00EUR,
,"Parry, Patrick, Mr",28180 ,23/12/2025,Reserved,,Accenture,20/12/2025,2/ 0,BNC-RS28806,KGST,,0.00EUR,"3,602.00EUR"
,,,19:00,"UPGR,GVIEW",,,22:00,,,BAR00,,0.00EUR,
,"Glebova, Lily, Mrs",29724 ,24/12/2025,Reserved,,Amazon Austria,20/12/2025,2/ 0,BNC-RS30369,KGDX,,0.00EUR,"3,380.00EUR"
,,,,UPGR,,,,,,BAR00,,0.00EUR,
,"Wilson, Hannah, Mrs",27172 ,19/12/2025,Due In,,,12/12/2025,1/ 0,BNC-RS27792,TWSP,,0.00EUR,"5,353.00EUR"
,,,,,,,,,,CORL25,,0.00EUR,
,"March, Ryder, Mr",27015 ,21/12/2025,Reserved,,,18/12/2025,1/ 0,BNC-RS27641,A1KB,,0.00EUR,"2,665.00EUR"
,,,,,,,,,,OTA1,,0.00EUR,
,"Fenner, Isabella, Mrs",29813 ,27/12/2025,Reserved,,,26/12/2025,1/ 0,BNC-RS30468,TWDX,,0.00EUR,"1,226.20EUR"
,,,18:00,DBL2,,,10:00,,,BAR10,,0.00EUR,
,"Jabłońska, Klara, Mrs",29886 ,29/12/2025,Reserved,,Apple Incorporated Spain,26/12/2025,2/ 0,BNC-RS30560,KGST,,0.00EUR,"2,328.00EUR"
,,,16:15,,,,15:00,,,CORL25,,0.00EUR,
,"Wojciechowski, Gabryŝ, Mr",27930 ,23/12/2025,Reserved,,Accenture,17/12/2025,2/ 0,BNC-RS28555,KCDX,,0.00EUR,"5,180.00EUR"
,,,09:00,,,,09:30,,,BAREX,,0.00EUR,
,"Almeida, Leila, Ms",29046 ,29/12/2025,Reserved,REG,,28/12/2025,1/ 0,BNC-RS29678,KGSP,,0.00EUR,638.00EUR
,,,16:30,KING,,,05:30,,,OPQ,,0.00EUR,
,"Al Otaibi, Khalid, Mr",30322 ,20/12/2025,Reserved,,Saudi Aramco,16/12/2025,1/ 0,BNC-RS31175,TWDX,,0.00EUR,"3,020.00EUR"
,,,,,,,,,,CORL10,,0.00EUR,
,,,,,,Saudi Aramco Group Block  |  SAU161225,,,,,,,
,"Timayev, Kesira, Ms",26737 ,16/12/2025,Due In,,,12/12/2025,2/ 0,BNC-RS27363,TCDX,,0.00EUR,"3,457.00EUR"
,,,11:00,,,,18:30,,,BAREX,,0.00EUR,
,"Barrientos, Daisi, Ms",28226 ,23/12/2025,Reserved,,Accenture,17/12/2025,2/ 0,BNC-RS28851,KGST,,0.00EUR,"5,127.50EUR"
,,,21:30,"UPGR,SEA",,,05:15,,,BARAD,,0.00EUR,
,"Nielsen, Victoria, Ms",27957 ,23/12/2025,Reserved,,Siemens Gamesa,18/12/2025,1/ 0,BNC-RS28583,KGDX,,0.00EUR,"3,155.00EUR"
,,,19:30,DIN,,,06:15,,,OPQ,,0.00EUR,
,"Thivierge, Jean, Mr",28482 ,22/12/2025,Reserved,,,18/12/2025,1/ 0,BNC-RS29108,KINGR,,0.00EUR,"5,341.00EUR"
,,,13:45,,,,17:15,,,RACK,,0.00EUR,
,"Dąbrowski, Metody, Mr",29642 ,29/12/2025,Reserved,,,27/12/2025,1/ 0,BNC-RS30276,KCST,,0.00EUR,"3,678.00EUR"
,,,12:45,SPAB,,,06:00,,,BAREX,,0.00EUR,
,"Austin, Brock, Mr",28398 ,24/12/2025,Reserved,,Apple Incorporated Spain,16/12/2025,1/ 0,BNC-RS29025,KGDX,,0.00EUR,"6,959.60EUR"
,,,10:00,HF,,,10:45,,,BAR10,,0.00EUR,
,"Sultanovich, Aymani, Ms",26987 ,18/12/2025,Due In,,Tesla,12/12/2025,2/ 0,BNC-RS27613,A1KB,,0.00EUR,"9,494.00EUR"
,,,,,,,,,,WEL,,0.00EUR,
,"Ívarsson, Mikael, Mr",29221 ,28/12/2025,Reserved,,,25/12/2025,2/ 0,BNC-RS29853,TCDX,,0.00EUR,"3,575.00EUR"
,,,07:45,,,,19:00,,,BAREX,,0.00EUR,
,"Hrafnkelsdóttir, Vigdís, Mrs",28732 ,21/12/2025,Reserved,,Volkswagen AG,19/12/2025,2/ 1,BNC-RS29363,PRE,,0.00EUR,"44,303.00EUR"
,,,18:00,,,,11:30,,,RACK,,0.00EUR,
,"Kishiev, Zulikhan, Mrs",27673 ,21/12/2025,Due In,,,12/12/2025,1/ 0,BNC-RS28299,KCDX,,0.00EUR,"7,490.00EUR"
,,,,,,,,,,BAREX,,0.00EUR,
,"Correia, Lara, Mrs",27598 ,23/12/2025,Reserved,,,14/12/2025,1/ 0,BNC-RS28225,A1KB,,0.00EUR,"10,240.00EUR"
,,,,,,,,,,OPQ,,0.00EUR,
,"Wilkins, Charlie, Mr",27218 ,25/12/2025,Reserved,,,20/12/2025,1/ 0,BNC-RS27844,TCDX,,0.00EUR,"3,856.00EUR"
,,,,,,,,,,BAR10,,0.00EUR,
,"Taylor, Aimee, Ms",27620 ,20/12/2025,Reserved,,Amazon Switzerland,13/12/2025,1/ 0,BNC-RS28246,KGSP,,0.00EUR,"4,838.40EUR"
,,,,,,,,,,BAR10,,0.00EUR,
,"Turriff, Jake, Mr",27220 ,28/12/2025,Reserved,,,25/12/2025,2/ 0,BNC-RS27847,TWDX,,0.00EUR,"2,226.00EUR"
,,,,,,,,,,OTA1,,0.00EUR,
,"Rouze, Aleron, Mr",27070 ,18/12/2025,Reserved,,,17/12/2025,1/ 0,BNC-RS27692,KGST,,0.00EUR,656.00EUR
,,,,,,,,,,BAR00,,0.00EUR,
,"Al Dosari, Nasser, Mr",30326 ,20/12/2025,Reserved,,Saudi Aramco,16/12/2025,1/ 0,BNC-RS31176,TWDX,,0.00EUR,"2,160.00EUR"
,,,,,,,,,,GRPBASE,,0.00EUR,
,,,,,,Saudi Aramco Group Block  |  SAU161225,,,,,,,
,"Dangar, Isabel, Ms",27207 ,25/12/2025,Reserved,,,20/12/2025,1/ 0,BNC-RS27833,KGST,,0.00EUR,"4,178.00EUR"
,,,,,,,,,,BAREX,,0.00EUR,
,"Justin, Case, Mr",28261 ,25/12/2025,Reserved,,,16/12/2025,1/ 0,BNC-RS28887,KCST,,0.00EUR,"11,638.00EUR"
,,,08:15,,,,05:15,,,BAREX,,0.00EUR,
,"Koehler, Mike, Mr",28437 ,22/12/2025,Reserved,,Siemens Gamesa,17/12/2025,2/ 0,BNC-RS29063,TWDX,,0.00EUR,"3,680.00EUR"
,,,12:45,POW,,,22:45,,,OPQ,,0.00EUR,
,"Jalbert, Curtis, Mr",27143 ,20/12/2025,Reserved,,,14/12/2025,2/ 0,BNC-RS27769,KGDX,,0.00EUR,"9,624.00EUR"
,,,,,,,,,,WEL,,0.00EUR,
,"Volodin, Prokhor, Dear Dr",27576 ,23/12/2025,Reserved,,Accenture,15/12/2025,2/ 0,BNC-RS28201,KGSP,,0.00EUR,"5,124.00EUR"
,,,,UPGR,,,,,,BARAD,,0.00EUR,
,"Curtis, Connor, Mr",29263 ,31/12/2025,Reserved,,,27/12/2025,1/ 0,BNC-RS29898,TCDX,,0.00EUR,"4,104.00EUR"
,,,20:15,HF,,,23:45,,,BAREX,,0.00EUR,
,"Garðarsson, Steinar, Mr",28032 ,21/12/2025,Reserved,,Accenture,15/12/2025,1/ 0,BNC-RS28659,KGSP,,0.00EUR,"6,229.00EUR"
,,,06:30,UPGR,,,14:15,,,RACK,,0.00EUR,
,"Costa, Júlio, Mr",29723 ,24/12/2025,Reserved,,Austrian Airlines,20/12/2025,1/ 0,BNC-RS30368,KGDX,,0.00EUR,"3,696.00EUR"
,,,,PLA,,,,,,RACK,,0.00EUR,
,"Bergamaschi, Debora, Mrs",28679 ,22/12/2025,Reserved,OWNER,,17/12/2025,2/ 0,BNC-RS29312,KGSP,,0.00EUR,"4,537.00EUR"
,,,17:30,,,,16:15,,,CORL25,,0.00EUR,
,"Almeida, Leila, Ms",28377 ,16/12/2025,Due In,REG,Grupo Catalana Occidente,12/12/2025,1/ 0,BNC-RS29003,KGDX,,0.00EUR,"3,314.80EUR"
,,,21:45,HTCN,,,06:15,,,BAR10,,0.00EUR,
,"Gallo, Colomba, Ms",28478 ,14/12/2025,Due In,,,12/12/2025,2/ 0,BNC-RS29104,TWDX,,0.00EUR,"1,716.50EUR"
,,,15:45,,,,17:15,,,BARAD,,0.00EUR,
,"Duda, Włodzisław, Mr",27751 ,17/12/2025,Reserved,,Deloitte,14/12/2025,2/ 1,BNC-RS28378,A1KB,,0.00EUR,"3,148.60EUR"
,,,05:15,,,,16:45,,,BAR10,,0.00EUR,
,"Nolan, Jade, Mrs",28348 ,24/12/2025,Reserved,,,16/12/2025,1/ 0,BNC-RS28973,KGDX,,0.00EUR,"6,377.00EUR"
,,,13:45,,,,16:00,,,OTA1,,0.00EUR,
,"Lima, Lara, Ms",27619 ,21/12/2025,Reserved,,,15/12/2025,2/ 0,BNC-RS28245,KCST,,0.00EUR,"7,380.00EUR"
,,,,,,,,,,BAREX,,0.00EUR,
,"Lachapelle, Bruce, Mr",29943 ,30/12/2025,Reserved,VIP,Bayerische Motoren Werke (BMW),28/12/2025,2/ 0,BNC-RS30633,KGSP,,0.00EUR,"2,254.00EUR"
,,,18:45,KING,,,18:30,,,CORL25,,0.00EUR,
,"Al Saadi, Huda, Ms",30327 ,20/12/2025,Reserved,,Saudi Aramco,16/12/2025,1/ 0,BNC-RS31181,TWDX,,0.00EUR,"2,160.00EUR"
,,,,,,,,,,GRPBASE,,0.00EUR,
,,,,,,Saudi Aramco Group Block  |  SAU161225,,,,,,,
,"Dubois, Peeter, Mr",28424 ,24/12/2025,Reserved,,Mercedes Benz,20/12/2025,2/ 0,BNC-RS29049,KGDX,,0.00EUR,"3,089.00EUR"
,,,10:30,,,,23:45,,,BARAD,,0.00EUR,
,"Massell, Christian, Mr",26749 ,15/12/2025,Due In,,,12/12/2025,1/ 0,BNC-RS27377,KGDX,,0.00EUR,"2,306.00EUR"
,,,11:00,,,Dertour,18:30,,,CORL25,,0.00EUR,
,"Kozłowska, Kaja, Ms",27905 ,21/12/2025,Reserved,,Adidas GmbH,16/12/2025,1/ 0,BNC-RS28532,KGDX,,0.00EUR,"2,923.00EUR"
,,,21:00,KING,,,08:00,,,OPQ,,0.00EUR,
,"Busch, Sophie, Ms",28300 ,23/12/2025,Reserved,,,18/12/2025,1/ 0,BNC-RS28928,KGDX,,0.00EUR,"2,982.00EUR"
,,,06:15,HF,,,12:45,,,DAY,,0.00EUR,
,"Jalbert, Curtis, Mr",28301 ,26/12/2025,Reserved,,,19/12/2025,2/ 0,BNC-RS28931,KGDX,,0.00EUR,"6,207.25EUR"
,,,08:45,,,,23:00,,,BARAD,,0.00EUR,
,"Bibi, Katie, Ms",27011 ,19/12/2025,Reserved,,,16/12/2025,1/ 0,BNC-RS27637,TWDX,,0.00EUR,"2,967.00EUR"
,,,,,,,,,,BAR00,,0.00EUR,
,"Tye, Andrew, Mr",29590 ,29/12/2025,Reserved,,,26/12/2025,2/ 0,BNC-RS30224,TWDX,,0.00EUR,"1,657.00EUR"
,,,15:00,,,,10:45,,,OPQ,,0.00EUR,
,"Gilbert, Libby, Ms",28503 ,21/12/2025,Reserved,,Tesla,15/12/2025,2/ 0,BNC-RS29130,KGDX,,0.00EUR,"4,792.20EUR"
,,,21:30,,,,22:45,,,BAR10,,0.00EUR,
,"Ross, Alexander, Mr",27179 ,26/12/2025,Reserved,,,19/12/2025,1/ 0,BNC-RS27805,TWSP,,0.00EUR,"3,150.00EUR"
,,,,,,,,,,BAR10,,0.00EUR,
,"Fecteau, Inès, Dear Dr",29842 ,28/12/2025,Reserved,,Amazon Austria,26/12/2025,2/ 0,BNC-RS30505,KGDX,,0.00EUR,"1,397.00EUR"
,,,12:45,"UPGR,2BTH",,,15:30,,,OPQ,,0.00EUR,
,"Cavalcanti, Lara, Mrs",29495 ,29/12/2025,Reserved,VIP-GAMING-T1,,24/12/2025,2/ 0,BNC-RS30127,KCDX,,0.00EUR,"4,515.00EUR"
,,,09:45,,,,22:45,,,BAREX,,0.00EUR,
,"Ross, Patrick, Mr",28372 ,26/12/2025,Reserved,,Siemens Gamesa,20/12/2025,1/ 0,BNC-RS28997,TWSP,,0.00EUR,"4,609.00EUR"
,,,21:30,,,,08:30,,,CORL25,,0.00EUR,
,"Ársælsson, Eggert, Mr",26896 ,16/12/2025,Reserved,,,15/12/2025,1/ 0,BNC-RS27521,KINGR,,0.00EUR,"1,180.00EUR"
,,,,,,,,,,OPQ,,0.00EUR,
,"Crews, Lola, Mrs",29502 ,30/12/2025,Reserved,,,26/12/2025,2/ 0,BNC-RS30135,KCDX,,0.00EUR,"4,008.00EUR"
,,,18:15,MIN,,,22:15,,,BAREX,,0.00EUR,
,"Geirmundsson, Samúel, Mr",29967 ,31/12/2025,Reserved,COR,Exxon Mobil,26/12/2025,2/ 0,BNC-RS30660,TWDX,,0.00EUR,"3,919.00EUR"
,,,10:00,DBL2,,,23:15,,,OTA1,,0.00EUR,
,"Tomaszewska, Maryla, Mrs",28625 ,24/12/2025,Reserved,,Grupo Catalana Occidente,19/12/2025,2/ 1,BNC-RS29252,A1KB,,0.00EUR,"5,456.00EUR"
,,,13:30,,,,21:00,,,BAR10,,0.00EUR,
,"Larionova, Monica, Ms",27234 ,31/12/2025,Reserved,,Berkshire Hathaway,29/12/2025,1/ 0,BNC-RS27859,TCDX,,0.00EUR,"1,988.00EUR"
,,,,,,,,,,DAY,,0.00EUR,
,"Marinósdóttir, Geirþrúður, Mrs",29961 ,28/12/2025,Reserved,,Exxon Mobil,27/12/2025,2/ 0,BNC-RS30654,TWDX,,0.00EUR,"1,267.00EUR"
,,,15:00,,,,19:15,,,OTA1,,0.00EUR,
,"Parry, Patrick, Mr",29725 ,24/12/2025,Reserved,,Telefonica,20/12/2025,1/ 1,BNC-RS30371,A1KB,,0.00EUR,"4,505.00EUR"
,,,,UPGR,,,,,,OPQ,,0.00EUR,
,"Muramats, Isabella, Mrs",27795 ,31/12/2025,Reserved,,,27/12/2025,2/ 0,BNC-RS28423,KCDX,,0.00EUR,"3,743.00EUR"
,,,23:30,,,,21:00,,,BAREX,,0.00EUR,
,"Piccio, Renzo, Mr",27920 ,25/12/2025,Reserved,,Amazon Switzerland,16/12/2025,1/ 0,BNC-RS28546,TCDX,,0.00EUR,"7,785.00EUR"
,,,16:15,,,,08:45,,,BAREX,,0.00EUR,
,"Iadanza, Adelfo, Mr",28537 ,22/12/2025,Reserved,,Volkswagen AG,17/12/2025,2/ 0,BNC-RS29162,TWDX,,0.00EUR,"4,197.00EUR"
,,,12:00,SOFB,,,19:15,,,OTA1,,0.00EUR,
,"Sal, Severino, Mr",27984 ,27/12/2025,Reserved,,Saudi Aramco,17/12/2025,2/ 0,BNC-RS28610,KGDX,,0.00EUR,"4,326.00EUR"
,,,23:00,,,,17:45,,,DAY,,0.00EUR,
,"Sousa, Bruno, Mr",29713 ,28/12/2025,Reserved,,Siemens Gamesa,24/12/2025,2/ 0,BNC-RS30354,KGDX,,0.00EUR,"4,277.00EUR"
,,,12:45,,,,15:15,,,CORL25,,0.00EUR,
,"Saenger, David, Mr",27058 ,21/12/2025,Reserved,,,15/12/2025,1/ 0,BNC-RS27686,KINGR,,0.00EUR,"4,896.00EUR"
,,,,,,Alltours Reisecenter,,,,BAREX,,0.00EUR,
,"Norman, Millie, Ms",28364 ,23/12/2025,Reserved,,Amazon Switzerland,16/12/2025,2/ 0,BNC-RS28990,KGST,,0.00EUR,"5,082.00EUR"
,,,10:00,HF,,,07:15,,,CORL25,,0.00EUR,
,"Butler, Jade, Mrs",28703 ,21/12/2025,Reserved,,Telefonica,18/12/2025,2/ 0,BNC-RS29335,KGST,,0.00EUR,"3,944.00EUR"
,,,06:30,UPGR,,,21:30,,,OTA1,,0.00EUR,
,"Parry, Patrick, Mr",27680 ,16/12/2025,Reserved,,Saudi Aramco,13/12/2025,2/ 0,BNC-RS28305,TWSP,,0.00EUR,"2,165.00EUR"
,,,,,,,,,,OTA1,,0.00EUR,
,"Vasiliev, Moses, Mr",29800 ,30/12/2025,Reserved,,,24/12/2025,2/ 0,BNC-RS30451,TWDX,,0.00EUR,"3,999.00EUR"
,,,13:00,,,,20:15,,,DAY,,0.00EUR,
,"Pawłowski, Krystyn, Mr",26822 ,17/12/2025,Reserved,,,15/12/2025,1/ 0,BNC-RS27448,KGSP,,0.00EUR,"1,020.00EUR"
,,,,,,Tui Spain,,,,BAR00,,0.00EUR,
,"Fenner, Isabella, Mrs",29734 ,24/12/2025,Reserved,,Accenture,20/12/2025,1/ 0,BNC-RS30379,TWDX,,0.00EUR,"3,365.00EUR"
,,,,UPGR,,,,,,BAR00,,0.00EUR,
,"Vedzizhev, Zelim, Mr",28443 ,24/12/2025,Reserved,,,19/12/2025,2/ 0,BNC-RS29069,TCDX,,0.00EUR,"5,820.00EUR"
,,,08:15,,,,21:15,,,BAREX,,0.00EUR,
,"Henrichon, Beaufort, Mr",26981 ,19/12/2025,Reserved,,Grupo Catalana Occidente,16/12/2025,1/ 0,BNC-RS27607,TCDX,,0.00EUR,"1,653.00EUR"
,,,,,,,,,,BB,,0.00EUR,
,"Peters, Alexander, Mr",28284 ,17/12/2025,Reserved,,Accenture,13/12/2025,2/ 0,BNC-RS28910,TWSP,,0.00EUR,"3,867.00EUR"
,,,17:15,"UPGR,DIN",,,23:00,,,OTA1,,0.00EUR,
,"Duda, Włodzisław, Mr",29729 ,24/12/2025,Reserved,,,20/12/2025,2/ 0,BNC-RS30374,KGDX,,0.00EUR,"1,984.00EUR"
,,,,,,,,,,OPQ,,0.00EUR,
,"Böðvarsdóttir, Dagný, Mrs",28481 ,17/12/2025,Reserved,,Tesla,16/12/2025,2/ 0,BNC-RS29107,KGDX,,0.00EUR,"1,970.00EUR"
,,,09:45,,,,13:30,,,OTA1,,0.00EUR,
,"Egger, Jonas, Mr",26728 ,23/12/2025,Reserved,,,16/12/2025,2/ 0,BNC-RS27354,TCDX,,0.00EUR,"6,658.00EUR"
,,,11:00,,,,18:30,,,BAREX,,0.00EUR,
,"Kelly, Naomi, Mrs",29289 ,27/12/2025,Reserved,,,26/12/2025,1/ 0,BNC-RS29922,KCST,,0.00EUR,"1,520.00EUR"
,,,12:30,,,,15:00,,,BAREX,,0.00EUR,
,"Guglielmin, Wilma, Ms",26488 ,15/12/2025,Due In,,,12/12/2025,1/ 0,BNC-RS27095,KGDX,,0.00EUR,"2,550.00EUR"
,,,10:00,,,,14:00,,,BAR00,,0.00EUR,
,"Carey, Mia, Ms",28119 ,22/12/2025,Reserved,,,15/12/2025,2/ 0,BNC-RS28745,TWDX,,0.00EUR,"5,044.00EUR"
,,,17:45,,,,07:00,,,CORL25,,0.00EUR,
,"Batukayev, Khalid, Mr",29092 ,31/12/2025,Reserved,,Banco Bilbao Vizcaya,30/12/2025,1/ 0,BNC-RS29721,KGDX,,0.00EUR,"1,902.90EUR"
,,,09:15,POW,,,13:30,,,BAR00,,0.00EUR,
,"Woronoff, Tigran, Mr",28615 ,19/12/2025,Due In,,Mercedes Benz,12/12/2025,1/ 0,BNC-RS29242,TWDX,,0.00EUR,"7,057.00EUR"
,,,09:45,SPAB,,,06:30,,,BAR00,,0.00EUR,
,"Nottingham, Victoria, Mrs",26486 ,15/12/2025,Due In,,,12/12/2025,1/ 0,BNC-RS27093,TWSP,,0.00EUR,"2,550.00EUR"
,,,10:00,,,,14:00,,,BAR00,,0.00EUR,
,"Czarnecki, Jaropełk, Mr",29866 ,29/12/2025,Reserved,,,27/12/2025,1/ 0,BNC-RS30538,TCDX,,0.00EUR,"2,250.00EUR"
,,,07:30,,,,19:15,,,BAREX,,0.00EUR,
,"McNab, Jasper, Mr",28064 ,30/12/2025,Reserved,,Banco Bilbao Vizcaya,26/12/2025,2/ 0,BNC-RS28691,TWDX,,0.00EUR,"2,940.00EUR"
,,,09:00,,,,05:00,,,BARAD,,0.00EUR,
,"Sousa, Thaís, Ms",29493 ,28/12/2025,Reserved,VIP,,26/12/2025,1/ 0,BNC-RS30125,KGDX,,0.00EUR,"3,186.00EUR"
,,,19:00,2BTH,,,19:00,,,DAY,,0.00EUR,
,"Baumgartner, Kerstin, Ms",28333 ,17/12/2025,Reserved,,Telefonica,15/12/2025,1/ 0,BNC-RS28960,TWDX,,0.00EUR,"3,428.00EUR"
,,,07:15,UPGR,,,07:15,,,RACK,,0.00EUR,
,"Galvao, Julia, Ms",26487 ,15/12/2025,Due In,,,12/12/2025,1/ 0,BNC-RS27094,A2KB,,0.00EUR,"2,550.00EUR"
,,,10:00,,,,14:00,,,BAR00,,0.00EUR,
,"Boxer, Mason, Mr",28186 ,24/12/2025,Reserved,,Siemens Gamesa,21/12/2025,2/ 0,BNC-RS28812,KGDX,,0.00EUR,"2,922.00EUR"
,,,23:45,SOFL,,,16:30,,,CORL25,,0.00EUR,
,"Glebova, Lily, Mrs",27963 ,15/12/2025,Reserved,,Amazon Deustchland,14/12/2025,1/ 0,BNC-RS28590,KGDX,,0.00EUR,995.00EUR
,,,09:45,,,,13:30,,,OTA1,,0.00EUR,
,"Hrafnsdóttir, Ríkey, Mrs",26747 ,22/12/2025,Reserved,,,18/12/2025,1/ 0,BNC-RS27375,KINGR,,0.00EUR,"2,586.00EUR"
,,,11:00,,,,18:30,,,OPQ,,0.00EUR,
,"Sheripov, Bekhan, Mr",27266 ,25/12/2025,Reserved,,,24/12/2025,1/ 0,BNC-RS27894,KCDX,,0.00EUR,931.20EUR
,,,,,,,,,,BAR10,,0.00EUR,
,"Gilbert, Libby, Ms",27575 ,15/12/2025,Reserved,,,14/12/2025,2/ 0,BNC-RS28202,KGST,,0.00EUR,921.20EUR
,,,,,,,,,,BAR10,,0.00EUR,
,"Cavalcanti, Renan, Mr",28585 ,22/12/2025,Reserved,,,14/12/2025,2/ 0,BNC-RS29211,TWSP,,0.00EUR,"8,780.00EUR"
,,,15:30,TWIN,,,08:45,,,OTA1,,0.00EUR,
,"Baranov, Stephan, Mr",28390 ,26/12/2025,Reserved,,,16/12/2025,2/ 0,BNC-RS29014,KGSP,,0.00EUR,"5,369.00EUR"
,,,06:15,,,,20:45,,,OPQ,,0.00EUR,
,"Hrafnsdóttir, Ríkey, Mrs",29732 ,24/12/2025,Reserved,,Amazon Switzerland,20/12/2025,1/ 0,BNC-RS30375,KGDX,,0.00EUR,"2,766.00EUR"
,,,,,,,,,,CORL25,,0.00EUR,
,"Tye, Andrew, Mr",27173 ,18/12/2025,Reserved,,,15/12/2025,1/ 0,BNC-RS27798,KCDX,,0.00EUR,"1,912.50EUR"
,,,,,,,,,,BARAD,,0.00EUR,
,"Brown, John, Mr",27138 ,29/12/2025,Reserved,,Tesla,28/12/2025,1/ 0,BNC-RS27767,KGST,,0.00EUR,836.00EUR
,,,,,,,,,,BAREX,,0.00EUR,
,"Shishani, Khadimat, Ms",28212 ,23/12/2025,Reserved,,,20/12/2025,2/ 0,BNC-RS28839,KGST,,0.00EUR,"2,791.00EUR"
,,,07:00,,,,08:30,,,DAY,,0.00EUR,
,"Baranov, Oliver, Mr",29726 ,24/12/2025,Reserved,DIP,,20/12/2025,1/ 1,BNC-RS30370,A1KB,,0.00EUR,"4,336.00EUR"
,,,,,,,,,,BAR00,,0.00EUR,
,"Brady, Noah, Mr",29332 ,28/12/2025,Reserved,OWNER,,24/12/2025,2/ 0,BNC-RS29964,KGDX,,0.00EUR,"2,961.00EUR"
,,,12:00,,,,07:45,,,BARAD,,0.00EUR,
,"Fiorentino, Regina, Mrs",28234 ,19/12/2025,Reserved,,,15/12/2025,2/ 0,BNC-RS28860,KCDX,,0.00EUR,"3,502.00EUR"
,,,18:45,,,,10:45,,,BAREX,,0.00EUR,
,"Szczepańska, Bolesława, Ms",30115 ,26/12/2025,Reserved,,Banco Bilbao Vizcaya,24/12/2025,1/ 0,BNC-RS30884,KGDX,,0.00EUR,"2,368.00EUR"
,,,15:30,,,,06:15,,,CORL25,,0.00EUR,
,"Piccio, Renzo, Mr",27603 ,23/12/2025,Reserved,,,13/12/2025,2/ 0,BNC-RS28229,TCDX,,0.00EUR,"8,540.00EUR"
,,,,,,,,,,BAREX,,0.00EUR,
,"Al Faraj, Saad, Mr",30328 ,20/12/2025,Reserved,,Saudi Aramco,16/12/2025,1/ 0,BNC-RS31177,TWDX,,0.00EUR,"2,160.00EUR"
,,,,,,,,,,GRPBASE,,0.00EUR,
,,,,,,Saudi Aramco Group Block  |  SAU161225,,,,,,,
,"Goddard, Andrew, Mr",29757 ,31/12/2025,Reserved,,,27/12/2025,2/ 0,BNC-RS30403,KCST,,0.00EUR,"5,251.00EUR"
,,,05:45,LUG,,,12:45,,,BAREX,,0.00EUR,
,"Kowalski, Wojciech, Mr",27624 ,16/12/2025,Reserved,,Bayerische Motoren Werke (BMW),14/12/2025,2/ 0,BNC-RS28250,KGST,,0.00EUR,"1,790.00EUR"
,,,,,,,,,,DAY,,0.00EUR,
,"Ponomaryov, Nail, Mr",29574 ,31/12/2025,Reserved,,Rolex AG,28/12/2025,1/ 1,BNC-RS30204,A1KB,,0.00EUR,"3,548.60EUR"
,,,18:45,,,,07:15,,,BAR10,,0.00EUR,
,"Al Anazi, Omar, Mr",30330 ,20/12/2025,Reserved,,Saudi Aramco,16/12/2025,1/ 0,BNC-RS31186,TWDX,,0.00EUR,"2,160.00EUR"
,,,,,,,,,,GRPBASE,,0.00EUR,
,,,,,,Saudi Aramco Group Block  |  SAU161225,,,,,,,
,"Korgay, Marzet, Mrs",26892 ,17/12/2025,Reserved,,,14/12/2025,1/ 0,BNC-RS27518,KINGR,,0.00EUR,"2,454.00EUR"
,,,,,,,,,,BAREX,,0.00EUR,
,"Lucchesi, Michelangelo, Mr",28425 ,25/12/2025,Reserved,,Amazon Deustchland,18/12/2025,2/ 0,BNC-RS29055,TWDX,,0.00EUR,"6,265.00EUR"
,,,17:00,,,,06:45,,,OTA1,,0.00EUR,
,"Stevensson, Lars, Mr",26895 ,21/12/2025,Reserved,,,18/12/2025,1/ 0,BNC-RS27522,KCDX,,0.00EUR,"2,535.00EUR"
,,,,,,,,,,BAREX,,0.00EUR,
,"Blau, Kevin, Mr",29603 ,31/12/2025,Reserved,,Grupo Catalana Occidente,28/12/2025,1/ 0,BNC-RS30233,KGDX,,0.00EUR,"2,245.00EUR"
,,,07:30,,,,07:00,,,OPQ,,0.00EUR,
,"Dąbrowski, Metody, Mr",27753 ,19/12/2025,Reserved,,Exxon Mobil,15/12/2025,1/ 0,BNC-RS28377,KGSP,,0.00EUR,"3,511.00EUR"
,,,18:30,,,,07:30,,,BAR00,,0.00EUR,
,"Trentini, Clorinda, Mrs",28684 ,28/12/2025,Reserved,,Saudi Aramco,20/12/2025,2/ 0,BNC-RS29315,KINGR,,0.00EUR,"6,269.60EUR"
,,,14:00,SAF,,,16:15,,,BAR10,,0.00EUR,
,"Benoit, Océane, Mrs",29051 ,27/12/2025,Reserved,,Amazon Deustchland,26/12/2025,2/ 0,BNC-RS29683,KGST,,0.00EUR,"2,173.00EUR"
,,,22:00,,,,16:45,,,OPQ,,0.00EUR,
,"Valgeirsdottir, Arny, Mrs",29715 ,30/12/2025,Reserved,,,28/12/2025,1/ 0,BNC-RS30361,TWSP,,0.00EUR,"2,087.00EUR"
,,,08:30,DIN,,,12:00,,,CORL25,,0.00EUR,
,"Hólmgeirsson, Sturlaugur, Mr",27704 ,23/12/2025,Reserved,,,14/12/2025,2/ 0,BNC-RS28330,KINGR,,0.00EUR,"7,433.00EUR"
,,,10:30,,,,09:00,,,OTA1,,0.00EUR,
,"Jasiński, Marceli, Mr",29244 ,29/12/2025,Reserved,,,28/12/2025,2/ 0,BNC-RS29876,KCDX,,0.00EUR,"1,735.00EUR"
,,,16:45,BAL2,,,05:30,,,BAREX,,0.00EUR,
,"Ponomaryov, Nail, Mr",26974 ,18/12/2025,Reserved,,,14/12/2025,1/ 0,BNC-RS27601,TWSP,,0.00EUR,"3,320.00EUR"
,,,,,,,,,,BAREX,,0.00EUR,
,"Vilhjálmsdóttir, Sjöfn, Ms",28485 ,26/12/2025,Reserved,,ABN Amro HQ,17/12/2025,2/ 0,BNC-RS29111,TWDX,,0.00EUR,"5,662.00EUR"
,,,17:00,,,,15:45,,,DAY,,0.00EUR,
,"Guðbrandsdóttir, Lilja, Mrs",29885 ,31/12/2025,Reserved,,Mercedes Benz,30/12/2025,2/ 0,BNC-RS30559,TWDX,,0.00EUR,"1,011.00EUR"
,,,14:00,,,,17:00,,,BARRES,,0.00EUR,
,"Brownrigg, Sean, Mr",28283 ,24/12/2025,Reserved,,,15/12/2025,1/ 0,BNC-RS28909,KCDX,,0.00EUR,"7,670.00EUR"
,,,18:30,SM,,,13:45,,,BAREX,,0.00EUR,
,"Kishiev, Zulikhan, Mrs",28708 ,31/12/2025,Reserved,,Amazon Switzerland,21/12/2025,2/ 0,BNC-RS29339,KGSP,,0.00EUR,"9,378.00EUR"
,,,12:00,HTCN,,,17:45,,,DAY,,0.00EUR,
,"Umkhayev, Asya, Mrs",28239 ,30/12/2025,Reserved,,Deloitte,21/12/2025,1/ 0,BNC-RS28865,TWDX,,0.00EUR,"8,613.00EUR"
,,,14:30,HTCN,,,08:45,,,BAR00,,0.00EUR,
,"Pinto, Davi, Mr",29056 ,31/12/2025,Reserved,,Tesla,30/12/2025,2/ 0,BNC-RS29688,TWSP,,0.00EUR,997.90EUR
,,,18:30,,,,09:30,,,BAR00,,0.00EUR,
,"Ferri, Dorotea, Ms",28241 ,31/12/2025,Reserved,,Mercedes Benz,30/12/2025,2/ 0,BNC-RS28867,TWSP,,0.00EUR,"1,719.90EUR"
,,,22:45,,,,07:45,,,RACK,,0.00EUR,
,"Arnold, Charles, Mr",28109 ,19/12/2025,Reserved,,Adidas GmbH,15/12/2025,1/ 0,BNC-RS28735,KGDX,,0.00EUR,"3,349.00EUR"
,,,15:15,ACCESS,,,16:45,,,CORL25,,0.00EUR,
,"Naumann, Stephanie, Mrs",26947 ,29/12/2025,Reserved,,,28/12/2025,1/ 0,BNC-RS27573,KGST,,0.00EUR,862.50EUR
,,,,,,,,,,BARAD,,0.00EUR,
,"Dubois, Peeter, Mr",29944 ,31/12/2025,Reserved,,,27/12/2025,1/ 0,BNC-RS30634,KGDX,,0.00EUR,"2,323.90EUR"
,,,07:00,,,,14:15,,,DAY,,0.00EUR,
,"Santos, Guilherme, Mr",27938 ,17/12/2025,Due In,,CNN News Group,12/12/2025,2/ 0,BNC-RS28564,KGDX,,0.00EUR,"2,910.00EUR"
,,,16:45,,,,07:30,,,OPQ,,0.00EUR,
,"Al Mutairi, Abdullah, Mr",30324 ,20/12/2025,Reserved,,Saudi Aramco,16/12/2025,1/ 0,BNC-RS31178,TWDX,,0.00EUR,"2,160.00EUR"
,,,,,,,,,,GRPBASE,,0.00EUR,
,,,,,,Saudi Aramco Group Block  |  SAU161225,,,,,,,
,"Santos, Guilherme, Mr",28588 ,23/12/2025,Reserved,,,13/12/2025,1/ 0,BNC-RS29216,KINGR,,0.00EUR,"10,473.00EUR"
,,,16:30,SAF,,,16:45,,,BAR00,,0.00EUR,
,"Jóakimsdóttir, Rut, Mrs",26893 ,26/12/2025,Reserved,,,21/12/2025,1/ 0,BNC-RS27519,A1KB,,0.00EUR,"3,465.00EUR"
,,,,,,,,,,CORL25,,0.00EUR,
,"Merewether, Isla, Ms",28113 ,31/12/2025,Reserved,,Adidas GmbH,21/12/2025,2/ 0,BNC-RS28739,KGSP,,0.00EUR,"8,743.68EUR"
,,,14:15,,,,11:15,,,BARAD,,0.00EUR,
,"Osborne, Aaron, Mr",27251 ,20/12/2025,Reserved,EXE,,13/12/2025,1/ 0,BNC-RS27876,KGSP,,0.00EUR,"6,108.40EUR"
,,,,,,,,,,BAR10,,0.00EUR,
,"Curtis, Connor, Mr",28544 ,23/12/2025,Reserved,,,13/12/2025,1/ 0,BNC-RS29170,TWDX,,0.00EUR,"7,300.00EUR"
,,,23:00,SOFL,,,23:00,,,CORL25,,0.00EUR,
,"Owen, Phoebe, Ms",28347 ,26/12/2025,Reserved,,,21/12/2025,2/ 0,BNC-RS28974,KCDX,,0.00EUR,"4,813.00EUR"
,,,20:30,,,,20:15,,,BAREX,,0.00EUR,
,"Piccio, Aleandro, Mr",28188 ,22/12/2025,Reserved,,,18/12/2025,1/ 0,BNC-RS28815,TWDX,,0.00EUR,"2,078.00EUR"
,,,18:15,2BTH,,,23:15,,,DAY,,0.00EUR,
,"Ibragimov, Idris, Mr",28315 ,27/12/2025,Reserved,,Rolex AG,20/12/2025,1/ 0,BNC-RS28942,TWDX,,0.00EUR,"4,063.00EUR"
,,,07:00,HF,,,09:00,,,OPQ,,0.00EUR,
,"Sultygov, Bakar, Mr",27588 ,24/12/2025,Reserved,,Grupo ACS,14/12/2025,2/ 0,BNC-RS28214,KGDX,,0.00EUR,"4,210.00EUR"
,,,,,,,,,,DAY,,0.00EUR,
,"Bull, Kyle, Mr",27787 ,20/12/2025,Reserved,COR,,13/12/2025,1/ 0,BNC-RS28414,KCST,,0.00EUR,"9,259.00EUR"
,,,18:00,LF,,,19:15,,,BAREX,,0.00EUR,
,"Costa, Demetria, Mrs",26942 ,27/12/2025,Reserved,,,24/12/2025,1/ 0,BNC-RS27567,KCDX,,0.00EUR,"2,690.00EUR"
,,,,,,Alpitour,,,,DAY,,0.00EUR,
,"Bois, Lotye, Mrs",28963 ,29/12/2025,Reserved,,Bayerische Motoren Werke (BMW),24/12/2025,2/ 0,BNC-RS29599,KGST,,0.00EUR,"5,398.00EUR"
,,,07:15,BAL2,,,12:00,,,DAY,,0.00EUR,
,"Mikkelsen, Jeppe, Mr",26489 ,15/12/2025,Due In,,,12/12/2025,1/ 0,BNC-RS27096,KGDX,,0.00EUR,"2,550.00EUR"
,,,10:00,,,,14:00,,,BAR00,,0.00EUR,
,"Al Zahrani, Reem, Ms",30325 ,20/12/2025,Reserved,,Saudi Aramco,16/12/2025,1/ 0,BNC-RS31184,TWDX,,0.00EUR,"2,160.00EUR"
,,,,,,,,,,GRPBASE,,0.00EUR,
,,,,,,Saudi Aramco Group Block  |  SAU161225,,,,,,,
,"Jabłońska, Małgorzata, Mrs",27539 ,20/12/2025,Reserved,,Apple Incorporated Spain,15/12/2025,1/ 0,BNC-RS28167,A1KB,,0.00EUR,"4,008.75EUR"
,,,,,,,,,,BARAD,,0.00EUR,
,"Charlton, Jade, Ms",28266 ,18/12/2025,Reserved,,Mercedes Benz,17/12/2025,2/ 0,BNC-RS28892,TWDX,,0.00EUR,"1,414.00EUR"
,,,12:15,,,,05:45,,,OTA1,,0.00EUR,
,"Shervashidze, Sieda, Ms",27599 ,23/12/2025,Reserved,,,13/12/2025,1/ 0,BNC-RS28226,KINGR,,0.00EUR,"8,610.00EUR"
,,,,,,,,,,BAR00,,0.00EUR,
,"McNab, Jasper, Mr",28458 ,19/12/2025,Reserved,,Mercedes Benz,17/12/2025,2/ 0,BNC-RS29084,KGSP,,0.00EUR,"1,276.00EUR"
,,,17:45,BAL2,,,21:15,,,OPQ,,0.00EUR,
,"Gloeckner, Marie, Mrs",28746 ,30/12/2025,Reserved,EXE,Bayerische Motoren Werke (BMW),27/12/2025,2/ 0,BNC-RS29381,KGDX,,0.00EUR,"2,773.00EUR"
,,,21:15,,,,05:45,,,CORL25,,0.00EUR,
,"Al Harbi, Aisha, Ms",30321 ,20/12/2025,Reserved,,Saudi Aramco,16/12/2025,1/ 0,BNC-RS31183,TWDX,,0.00EUR,"3,020.00EUR"
,,,,,,,,,,CORL10,,0.00EUR,
,,,,,,Saudi Aramco Group Block  |  SAU161225,,,,,,,
,"Onio, Gloria, Ms",28646 ,24/12/2025,Reserved,,Volkswagen AG,18/12/2025,1/ 0,BNC-RS29277,KGST,,0.00EUR,"7,465.00EUR"
,,,09:00,,,,20:30,,,OPQ,,0.00EUR,
,"Siciliani, Stella, Ms",28393 ,28/12/2025,Reserved,,CNN News Group,18/12/2025,2/ 0,BNC-RS29017,KINGR,,0.00EUR,"6,984.00EUR"
,,,15:15,LUG,,,14:00,,,OPQ,,0.00EUR,
,"Onio, Eliano, Mr",29763 ,27/12/2025,Reserved,,,26/12/2025,2/ 0,BNC-RS30411,KCST,,0.00EUR,"1,771.00EUR"
,,,07:00,,,,19:00,,,BAREX,,0.00EUR,
,"Rocha, Amanda, Ms",27001 ,30/12/2025,Reserved,,Austrian Airlines,24/12/2025,1/ 0,BNC-RS27626,A1KB,,0.00EUR,"3,409.50EUR"
,,,,,,,,,,BARAD,,0.00EUR,
,"Guðbrandsdóttir, Lilja, Mrs",28753 ,28/12/2025,Reserved,,Siemens Gamesa,25/12/2025,2/ 0,BNC-RS29384,KGSP,,0.00EUR,"3,684.00EUR"
,,,20:15,LUG,,,15:15,,,BAR00,,0.00EUR,
,"Kirillova, Apollinaris, Ms",28389 ,22/12/2025,Reserved,,Deloitte,15/12/2025,1/ 0,BNC-RS29016,KGST,,0.00EUR,"8,201.00EUR"
,,,06:00,,,,06:30,,,DAY,,0.00EUR,
,"Almeida, Leila, Ms",29821 ,30/12/2025,Reserved,REG,,28/12/2025,2/ 0,BNC-RS30480,TWDX,,0.00EUR,"1,073.00EUR"
,,,10:00,,,,08:15,,,DAY,,0.00EUR,
,"Chalmers, Ryder, Mr",27563 ,22/12/2025,Reserved,,,14/12/2025,1/ 0,BNC-RS28189,TWSP,,0.00EUR,"5,544.60EUR"
,,,,,,,,,,BAR10,,0.00EUR,
,"Merewether, Isla, Ms",28736 ,19/12/2025,Reserved,,Austrian Airlines,14/12/2025,2/ 0,BNC-RS29368,PRE,,0.00EUR,"110,244.00EUR"
,,,21:30,2BTH,,,11:00,,,RACK,,0.00EUR,
,"Chichigov, Eset, Ms",28715 ,24/12/2025,Reserved,,,18/12/2025,1/ 0,BNC-RS29347,KCST,,0.00EUR,"7,775.00EUR"
,,,14:45,,,,12:15,,,BAREX,,0.00EUR,
,"Duda, Gustaw, Mr",28430 ,24/12/2025,Reserved,,Apple Incorporated Spain,18/12/2025,1/ 0,BNC-RS29056,KGDX,,0.00EUR,"4,474.50EUR"
,,,17:45,POW,,,13:00,,,BARAD,,0.00EUR,
,"Bürger, Dominik, Mr",28295 ,29/12/2025,Reserved,,Siemens Gamesa,21/12/2025,2/ 1,BNC-RS28922,A1KB,,0.00EUR,"6,073.00EUR"
,,,13:30,,,,13:45,,,CORL25,,0.00EUR,
,"Trentino, Fulvia, Ms",26879 ,30/12/2025,Reserved,,,24/12/2025,1/ 0,BNC-RS27505,KINGR,,0.00EUR,"4,109.00EUR"
,,,,,,,,,,CORL25,,0.00EUR,
,"Vigfússon, Hjálmar, Mr",28264 ,30/12/2025,Reserved,,Grupo Catalana Occidente,21/12/2025,1/ 0,BNC-RS28891,TWSP,,0.00EUR,"9,061.00EUR"
,,,19:15,BAL,,,13:15,,,BAR00,,0.00EUR,
,"Þorgrímsdóttir, Helena, Mrs",28653 ,23/12/2025,Reserved,,,19/12/2025,2/ 0,BNC-RS29284,TWDX,,0.00EUR,"1,956.00EUR"
,,,13:30,,,,21:15,,,DAY,,0.00EUR,
,"Sabbatini, Carmela, Mrs",28161 ,20/12/2025,Reserved,,Banco Bilbao Vizcaya,15/12/2025,2/ 0,BNC-RS28786,KGST,,0.00EUR,"5,120.00EUR"
,,,21:00,SPAB,,,15:45,,,DAY,,0.00EUR,
,"Shervashidze, Kaypa, Mrs",28664 ,25/12/2025,Reserved,,,16/12/2025,2/ 0,BNC-RS29295,KCST,,0.00EUR,"11,434.00EUR"
,,,19:00,,,,06:00,,,BAREX,,0.00EUR,
,"Jóakimsdóttir, Rut, Mrs",28484 ,19/12/2025,Due In,,,12/12/2025,2/ 0,BNC-RS29109,TCDX,,0.00EUR,"7,055.00EUR"
,,,06:00,,,,16:15,,,BAREX,,0.00EUR,
,"Dratchev, Elisa, Ms",28396 ,28/12/2025,Reserved,,CNN News Group,21/12/2025,2/ 0,BNC-RS29019,TWDX,,0.00EUR,"5,668.00EUR"
,,,12:00,,,,05:45,,,OTA1,,0.00EUR,
,"Henslowe, George, Mr",28714 ,26/12/2025,Reserved,,Siemens Gamesa,16/12/2025,1/ 0,BNC-RS29346,KGST,,0.00EUR,"9,174.00EUR"
,,,09:00,,,,21:45,,,DAY,,0.00EUR,
,"Cunha, Fernanda, Mrs",28236 ,23/12/2025,Reserved,,Berkshire Hathaway,14/12/2025,1/ 0,BNC-RS28862,TWDX,,0.00EUR,"5,895.75EUR"
,,,05:30,ACCESS,,,05:15,,,BARAD,,0.00EUR,
,"Lejeune, Patricia, Mrs",28549 ,14/12/2025,Due In,,Exxon Mobil,12/12/2025,1/ 0,BNC-RS29171,KINGR,,0.00EUR,"2,200.40EUR"
,,,16:15,TWIN,,,14:00,,,BAR10,,0.00EUR,
,"Blundstone, Ethan, Mr",28604 ,16/12/2025,Reserved,,Amazon Austria,15/12/2025,2/ 0,BNC-RS29231,KGSP,,0.00EUR,"1,852.00EUR"
,,,13:00,UPGR,,,20:45,,,RACK,,0.00EUR,
,"Cunha, João, Mr",29733 ,24/12/2025,Reserved,,Grupo ACS,20/12/2025,1/ 0,BNC-RS30378,TWDX,,0.00EUR,"2,565.00EUR"
,,,,,,,,,,BARAD,,0.00EUR,
,"Beaurepaire, Jordan, Mr",28499 ,29/12/2025,Reserved,,,21/12/2025,1/ 0,BNC-RS29126,KCST,,0.00EUR,"11,147.00EUR"
,,,10:45,2BTH,,,06:15,,,BAREX,,0.00EUR,
,"Muramats, Isabella, Mrs",28697 ,26/12/2025,Reserved,,,18/12/2025,1/ 0,BNC-RS29328,TCDX,,0.00EUR,"6,764.00EUR"
,,,20:30,,,,07:30,,,BAREX,,0.00EUR,
,"Hreinsson, Ingimundur, Mr",28553 ,31/12/2025,Reserved,,,21/12/2025,2/ 0,BNC-RS29176,TCDX,,0.00EUR,"8,663.00EUR"
,,,17:45,,,,10:45,,,BAREX,,0.00EUR,
,"Merewether, Isla, Ms",27743 ,23/12/2025,Reserved,,,15/12/2025,1/ 0,BNC-RS28369,KCST,,0.00EUR,"10,350.00EUR"
,,,12:30,,,,15:30,,,BAREX,,0.00EUR,
,"Kadiev, Dokka, Mr",27119 ,22/12/2025,Reserved,,,18/12/2025,1/ 0,BNC-RS27748,TWSP,,0.00EUR,"3,840.00EUR"
,,,,,,Tui Spain,,,,DAY,,0.00EUR,
,"Hólmgeirsson, Sturlaugur, Mr",30015 ,30/12/2025,Reserved,,,29/12/2025,1/ 0,BNC-RS30733,TCDX,,0.00EUR,"1,465.00EUR"
,,,23:15,,,,05:00,,,BAREX,,0.00EUR,
,"Larionova, Monica, Ms",28479 ,28/12/2025,Reserved,,,26/12/2025,1/ 0,BNC-RS29105,TWDX,,0.00EUR,"2,577.00EUR"
,,,18:15,,,,23:30,,,BAR00,,0.00EUR,
,"Cunha, Fernanda, Mrs",28122 ,29/12/2025,Reserved,,,20/12/2025,2/ 0,BNC-RS28747,KCDX,,0.00EUR,"7,987.00EUR"
,,,19:45,LF,,,06:15,,,BAREX,,0.00EUR,
,"Bogolyubova, Irina, Mrs",29840 ,28/12/2025,Reserved,,Austrian Airlines,26/12/2025,2/ 0,BNC-RS30501,KGDX,,0.00EUR,"1,700.50EUR"
,,,13:15,,,,08:00,,,BARAD,,0.00EUR,
,"Adamski, Karl, Mr",28558 ,28/12/2025,Reserved,,Telefonica,20/12/2025,1/ 0,BNC-RS29184,TWDX,,0.00EUR,"5,981.60EUR"
,,,20:15,UPGR,,,22:15,,,BAR10,,0.00EUR,
,"Gellatly, Jake, Mr",26885 ,28/12/2025,Reserved,,,27/12/2025,2/ 0,BNC-RS27507,TCDX,,0.00EUR,"1,080.00EUR"
,,,,,,Madrid Viajes,,,,BAREX,,0.00EUR,
,"Justin, Case, Mr",29513 ,31/12/2025,Reserved,,Adidas GmbH,27/12/2025,2/ 0,BNC-RS30146,KGSP,,0.00EUR,"3,406.18EUR"
,,,20:45,,,,13:00,,,BARAD,,0.00EUR,
,"Williams, Stacey, Ms",28375 ,18/12/2025,Reserved,,Amazon Austria,15/12/2025,2/ 0,BNC-RS29001,TWDX,,0.00EUR,"3,214.00EUR"
,,,10:30,"UPGR,HTCN",,,18:15,,,RACK,,0.00EUR,
,"Ferreira, Amanda, Ms",26750 ,16/12/2025,Reserved,,,15/12/2025,1/ 0,BNC-RS27378,TWDX,,0.00EUR,"1,064.00EUR"
,,,11:00,,,,18:30,,,CORL25,,0.00EUR,
,"Austin, Brock, Mr",26828 ,19/12/2025,Reserved,,,17/12/2025,1/ 0,BNC-RS27455,A1KB,,0.00EUR,"1,438.00EUR"
,,,,,,,,,,CORL25,,0.00EUR,
,"Lori, Rosarmosario, Mr",28579 ,24/12/2025,Reserved,VIP-GAMING-T1,,15/12/2025,2/ 0,BNC-RS29205,KGDX,,0.00EUR,"7,670.75EUR"
,,,23:15,,,,08:45,,,BARAD,,0.00EUR,
,"Chalmers, Ryder, Mr",28022 ,26/12/2025,Reserved,,Adidas GmbH,21/12/2025,1/ 0,BNC-RS28649,KGDX,,0.00EUR,"5,555.00EUR"
,,,11:15,SEA,,,12:45,,,RACK,,0.00EUR,
,"Hauksdóttir, Hafdís, Ms",28225 ,20/12/2025,Reserved,,Telefonica,17/12/2025,2/ 0,BNC-RS28852,KGDX,,0.00EUR,"2,694.00EUR"
,,,09:00,UPGR,,,15:00,,,CORL25,,0.00EUR,
,"Cyr, Laverne, Mrs",28720 ,20/12/2025,Reserved,,,19/12/2025,2/ 0,BNC-RS29355,KCDX,,0.00EUR,"2,140.00EUR"
,,,09:15,,,,05:00,,,BAREX,,0.00EUR,
,"Ratcliffe, Mariam, Ms",26865 ,26/12/2025,Reserved,EXE,,25/12/2025,1/ 0,BNC-RS27491,KGST,,0.00EUR,711.20EUR
,,,,,,,,,,BAR10,,0.00EUR,
,"Ricci, Ubaldo, Mr",28337 ,21/12/2025,Due In,,Berkshire Hathaway,12/12/2025,1/ 0,BNC-RS28963,TWDX,,0.00EUR,"4,970.00EUR"
,,,05:15,DBL2,,,14:00,,,OPQ,,0.00EUR,
,"Arsanukayev, Marzhan, Ms",26839 ,16/12/2025,Reserved,,Berkshire Hathaway,14/12/2025,2/ 0,BNC-RS27464,TWDX,,0.00EUR,"1,648.00EUR"
,,,,,,,,,,BAREX,,0.00EUR,
,"Fink, Anja, Mrs",27568 ,20/12/2025,Due In,,CNN News Group,12/12/2025,2/ 0,BNC-RS28192,KGDX,,0.00EUR,"5,552.00EUR"
,,,,,,,,,,CORL25,,0.00EUR,
,"Shaw, Louise, Mrs",27224 ,20/12/2025,Reserved,,,15/12/2025,1/ 0,BNC-RS27850,KGSP,,0.00EUR,"3,510.00EUR"
,,,,,,,,,,BAR10,,0.00EUR,
,"Fleming, Patrick, Mr",28231 ,25/12/2025,Reserved,,,18/12/2025,1/ 0,BNC-RS28856,KCDX,,0.00EUR,"6,485.00EUR"
,,,05:15,KITC,,,06:45,,,BAREX,,0.00EUR,
,"Zając, Barbara, Ms",29623 ,30/12/2025,Reserved,,Amazon Switzerland,25/12/2025,1/ 0,BNC-RS30258,KGDX,,0.00EUR,"4,225.00EUR"
,,,11:15,EXT,,,22:15,,,CORL25,,0.00EUR,
,"Doiron, Laverne, Ms",27716 ,14/12/2025,Due In,,,12/12/2025,2/ 0,BNC-RS28342,KGSP,,0.00EUR,"2,219.00EUR"
,,,08:00,MIN,,,20:00,,,RACK,,0.00EUR,
,"Houghton, Lucinda, Mrs",26868 ,17/12/2025,Reserved,,Accenture,15/12/2025,1/ 0,BNC-RS27494,A1KB,,0.00EUR,"1,784.00EUR"
,,,,UPGR,,Expedia USA,,,,BAR00,,0.00EUR,
,"Svansson, Hákon, Mr",27111 ,20/12/2025,Reserved,,,14/12/2025,1/ 0,BNC-RS27738,TWDX,,0.00EUR,"3,007.00EUR"
,,,,,,,,,,BAR00,,0.00EUR,
,"Fiorentino, Regina, Mrs",29486 ,31/12/2025,Reserved,,,27/12/2025,2/ 0,BNC-RS30118,KGDX,,0.00EUR,"2,241.00EUR"
,,,05:45,,,,20:00,,,OPQ,,0.00EUR,
,"Chichigov, Eset, Ms",27089 ,22/12/2025,Reserved,,Adidas GmbH,21/12/2025,1/ 0,BNC-RS27715,KINGR,,0.00EUR,430.00EUR
,,,,,,Valerie Wilson US,,,,BAR10,,0.00EUR,
,"Duda, Włodzisław, Mr",28282 ,18/12/2025,Reserved,,Tesla,14/12/2025,2/ 0,BNC-RS28908,TWDX,,0.00EUR,"3,861.00EUR"
,,,19:45,2BTH,,,11:30,,,RACK,,0.00EUR,
,"Hauksdóttir, Hafdís, Ms",28973 ,30/12/2025,Reserved,,Volkswagen AG,27/12/2025,1/ 0,BNC-RS29605,KGST,,0.00EUR,"2,481.00EUR"
,,,08:45,,,,10:15,,,CORL25,,0.00EUR,
,"Kishiev, Zulikhan, Mrs",28213 ,25/12/2025,Reserved,,Berkshire Hathaway,16/12/2025,2/ 0,BNC-RS28838,KGDX,,0.00EUR,"8,188.00EUR"
,,,15:00,TWIN,,,14:30,,,RACK,,0.00EUR,
,"Bérard, Véronique, Ms",28918 ,29/12/2025,Reserved,,ABN Amro HQ,26/12/2025,2/ 0,BNC-RS29551,TWDX,,0.00EUR,"3,340.00EUR"
,,,10:45,,,,21:15,,,OTA1,,0.00EUR,
,"Engel, Dominik, Mr",27243 ,27/12/2025,Reserved,OWNER,,25/12/2025,2/ 0,BNC-RS27869,A1KB,,0.00EUR,"1,822.40EUR"
,,,,,,,,,,BAR10,,0.00EUR,
,"Kadyrov, Kurzhan, Mrs",28718 ,26/12/2025,Reserved,,,20/12/2025,1/ 0,BNC-RS29352,TWDX,,0.00EUR,"5,745.20EUR"
,,,17:00,FPLACE,,,19:15,,,BAR10,,0.00EUR,
,"Pereira, Igor, Mr",29328 ,27/12/2025,Reserved,,Telefonica,25/12/2025,2/ 0,BNC-RS29961,TWDX,,0.00EUR,"1,440.00EUR"
,,,12:00,"UPGR,QUI",,,22:15,,,OPQ,,0.00EUR,
,"Majewska, Weronika, Mrs",28462 ,14/12/2025,Due In,,Amazon Austria,12/12/2025,1/ 0,BNC-RS29089,KINGR,,0.00EUR,"2,830.00EUR"
,,,07:45,"UPGR,TWIN",,,12:45,,,OPQ,,0.00EUR,
,"Crews, Lola, Mrs",30113 ,30/12/2025,Reserved,,Rolex AG,25/12/2025,2/ 0,BNC-RS30883,KGDX,,0.00EUR,"3,915.00EUR"
,,,05:15,,,,15:15,,,BARRES,,0.00EUR,
,"Peters, Alexander, Mr",29363 ,30/12/2025,Reserved,,Exxon Mobil,29/12/2025,1/ 0,BNC-RS29994,KINGR,,0.00EUR,"1,085.00EUR"
,,,09:30,,,,06:15,,,DAY,,0.00EUR,
,"Trevisani, Aldo, Mr",29159 ,31/12/2025,Reserved,,Berkshire Hathaway,26/12/2025,1/ 0,BNC-RS29789,KGSP,,0.00EUR,"4,943.00EUR"
,,,12:00,KITC,,,11:00,,,DAY,,0.00EUR,
,"Berger, Denise, Mrs",29926 ,31/12/2025,Reserved,,Bayerische Motoren Werke (BMW),24/12/2025,2/ 0,BNC-RS30611,KGSP,,0.00EUR,"5,220.43EUR"
,,,20:00,,,,18:45,,,BARAD,,0.00EUR,
,"Ribeiro, Breno, Mr",29380 ,27/12/2025,Reserved,,,24/12/2025,1/ 0,BNC-RS30012,KCDX,,0.00EUR,"2,852.00EUR"
,,,07:30,SAF,,,23:15,,,BAREX,,0.00EUR,
,"Wirth, Mario, Mr",29721 ,31/12/2025,Reserved,,Banco Bilbao Vizcaya,27/12/2025,1/ 0,BNC-RS30363,KGST,,0.00EUR,"3,111.00EUR"
,,,20:00,FPLACE,,,17:15,,,CORL25,,0.00EUR,
,"Karataev, Busana, Ms",28713 ,26/12/2025,Reserved,,,25/12/2025,1/ 0,BNC-RS29345,TCDX,,0.00EUR,"1,110.00EUR"
,,,05:00,,,,13:00,,,BAREX,,0.00EUR,
,"Bobrov, Emmanuel, Mr",27607 ,18/12/2025,Reserved,,,14/12/2025,1/ 0,BNC-RS28233,KCDX,,0.00EUR,"3,320.00EUR"
,,,,,,,,,,BAREX,,0.00EUR,
,"Chumleigh, Ashley, Mrs",29210 ,31/12/2025,Reserved,EXE,,24/12/2025,2/ 0,BNC-RS29844,KGSP,,0.00EUR,"5,053.40EUR"
,,,17:15,,,,13:00,,,BAR10,,0.00EUR,
,"Giordano, Berenice, Mrs",28211 ,24/12/2025,Reserved,,CNN News Group,20/12/2025,2/ 0,BNC-RS28837,KGST,,0.00EUR,"4,581.00EUR"
,,,22:00,BAL,,,15:00,,,BAR00,,0.00EUR,
,"O'Neill, Leah, Mrs",27617 ,13/12/2025,Due In,,Deloitte,12/12/2025,1/ 0,BNC-RS28243,TWDX,,0.00EUR,405.00EUR
,,,,,,,,,,DAY,,0.00EUR,
,"Pinto, Isabela, Ms",28255 ,21/12/2025,Reserved,,Amazon Austria,14/12/2025,1/ 0,BNC-RS28882,KGDX,,0.00EUR,"3,238.00EUR"
,,,08:15,"UPGR,BAL",,,18:30,,,DAY,,0.00EUR,
,"Bach, Robert, Mr",28167 ,23/12/2025,Reserved,VIP,,21/12/2025,1/ 0,BNC-RS28794,TCDX,,0.00EUR,"2,016.00EUR"
,,,08:45,,,,19:15,,,BAREX,,0.00EUR,
,"Lapierre, Mathilde, Ms",28063 ,23/12/2025,Reserved,,,14/12/2025,1/ 0,BNC-RS28690,KCDX,,0.00EUR,"8,857.00EUR"
,,,11:15,,,,19:30,,,BAREX,,0.00EUR,
,"De Bock, Eva, Ms",27085 ,30/12/2025,Reserved,,,29/12/2025,1/ 0,BNC-RS27711,KGSP,,0.00EUR,465.00EUR
,,,,,,Expedia USA,,,,BAR10,,0.00EUR,
,"Herbertsson, Kristmann, Mr",26887 ,27/12/2025,Reserved,,,24/12/2025,1/ 0,BNC-RS27514,TCDX,,0.00EUR,"2,220.00EUR"
,,,,,,,,,,BAR10,,0.00EUR,
,"Cole, Claudia, Ms",27695 ,20/12/2025,Reserved,,Deloitte,15/12/2025,2/ 0,BNC-RS28322,KINGR,,0.00EUR,"3,539.75EUR"
,,,19:15,"KING,HF,PVIEW",,,21:00,,,BARAD,,0.00EUR,
,"Shervashidze, Sieda, Ms",27923 ,23/12/2025,Reserved,,Apple Incorporated Spain,18/12/2025,1/ 0,BNC-RS28549,KGSP,,0.00EUR,"3,680.00EUR"
,,,11:45,,,,12:45,,,CORL25,,0.00EUR,
,"Hrafnsdóttir, Ríkey, Mrs",28344 ,18/12/2025,Reserved,,Saudi Aramco,13/12/2025,2/ 0,BNC-RS28970,KGST,,0.00EUR,"4,939.00EUR"
,,,15:00,CON,,,05:00,,,OTA1,,0.00EUR,
,"Batukayev, Khalid, Mr",29859 ,30/12/2025,Reserved,,,29/12/2025,2/ 0,BNC-RS30525,KCST,,0.00EUR,"1,526.00EUR"
,,,17:30,,,,22:45,,,BAREX,,0.00EUR,
,"Hewlett, Tahlia, Mrs",29692 ,29/12/2025,Reserved,,Rolex AG,27/12/2025,1/ 0,BNC-RS30334,KGSP,,0.00EUR,"1,870.00EUR"
,,,10:00,,,,09:00,,,OTA1,,0.00EUR,
,"Shaw, Jade, Mrs",28380 ,31/12/2025,Reserved,,,26/12/2025,2/ 0,BNC-RS29006,TWDX,,0.00EUR,"4,011.00EUR"
,,,13:30,SM,,,12:30,,,BAR10,,0.00EUR,
,"Pawlak, Genowefa, Ms",29730 ,24/12/2025,Reserved,,Tesla,20/12/2025,2/ 0,BNC-RS30376,KGDX,,0.00EUR,"3,580.00EUR"
,,,,,,,,,,RACK,,0.00EUR,
,"Vogt, Anke, Dear Dr",28562 ,21/12/2025,Reserved,,CNN News Group,20/12/2025,1/ 0,BNC-RS29188,KGDX,,0.00EUR,"1,557.75EUR"
,,,05:00,,,,16:45,,,BARAD,,0.00EUR,
,"Bibi, Katie, Ms",28229 ,22/12/2025,Reserved,,,18/12/2025,2/ 0,BNC-RS28858,KCST,,0.00EUR,"6,064.00EUR"
,,,17:45,PVIEW,,,21:30,,,BAREX,,0.00EUR,
,"Kapustin, Philip, Mr",29406 ,26/12/2025,Reserved,,,25/12/2025,1/ 0,BNC-RS30039,TCDX,,0.00EUR,"1,895.00EUR"
,,,08:45,CON,,,13:15,,,BAREX,,0.00EUR,
,"Nekrasova, Uliana, Mrs",30009 ,26/12/2025,Reserved,,,24/12/2025,1/ 0,BNC-RS30727,KGDX,,0.00EUR,"1,536.00EUR"
,,,13:00,,,,21:00,,,BARRES,,0.00EUR,
,"Udinesi, Benedetta, Mrs",29641 ,31/12/2025,Reserved,,Grupo ACS,27/12/2025,1/ 0,BNC-RS30275,TWSP,,0.00EUR,"6,418.00EUR"
,,,11:15,,,,11:00,,,DAY,,0.00EUR,
,"Blanchard, Emmanuel, Mr",27144 ,15/12/2025,Reserved,,,14/12/2025,1/ 0,BNC-RS27770,KGDX,,0.00EUR,"1,594.00EUR"
,,,,,,,,,,WEL,,0.00EUR,
,"Schiavone, Rodrigo, Mr",29728 ,24/12/2025,Reserved,,,20/12/2025,2/ 0,BNC-RS30373,KGDX,,0.00EUR,"2,804.80EUR"
,,,,,,,,,,BAR10,,0.00EUR,
,"Carvalho, Chantal, Dear Dr",29897 ,28/12/2025,Reserved,,,27/12/2025,2/ 0,BNC-RS30574,TWDX,,0.00EUR,"1,830.00EUR"
,,,21:00,,,,15:00,,,BAR00,,0.00EUR,
,"Eyðfinnsdóttir, Thelma, Mrs",26826 ,28/12/2025,Reserved,,,25/12/2025,1/ 0,BNC-RS27452,KINGR,,0.00EUR,"1,770.00EUR"
,,,,,,,,,,OPQ,,0.00EUR,
,"Zimmerman, Michael, Mr",27896 ,31/12/2025,Reserved,,Berkshire Hathaway,28/12/2025,2/ 0,BNC-RS28521,KCDX,,0.00EUR,"4,274.00EUR"
,,,14:45,SEA,,,18:45,,,BAREX,,0.00EUR,
,"Bonneville, Warrane, Mr",27309 ,28/12/2025,Reserved,,Grupo Catalana Occidente,26/12/2025,2/ 0,BNC-RS27935,KGST,,0.00EUR,"2,658.00EUR"
,,,,,,,,,,BAR00,,0.00EUR,
,"Heinze, Michael, Mr",29348 ,29/12/2025,Reserved,COR,,27/12/2025,1/ 0,BNC-RS29980,KGDX,,0.00EUR,"2,093.00EUR"
,,,19:00,"KING,PHY,JAC,SOLO,LXUP,FAML,NSMK,FTL,LOYL",,,14:30,,,CORL25,,0.00EUR,
,,,,,,  ,,,,,,,
,"Trevisani, Aldo, Mr",28568 ,21/12/2025,Reserved,,Grupo ACS,15/12/2025,1/ 0,BNC-RS29195,TWDX,,0.00EUR,"4,883.20EUR"
,,,16:45,,,,20:45,,,BAR10,,0.00EUR,
,"Geirmundsson, Samúel, Mr",28035 ,26/12/2025,Reserved,COR,Berkshire Hathaway,16/12/2025,2/ 0,BNC-RS28661,TWDX,,0.00EUR,"9,423.00EUR"
,,,07:15,2BTH,,,08:45,,,RACK,,0.00EUR,
,"Zimmerman, Michael, Mr",27645 ,25/12/2025,Reserved,,Telefonica,15/12/2025,2/ 0,BNC-RS28272,KGDX,,0.00EUR,"4,040.00EUR"
,,,,UPGR,,,,,,DAY,,0.00EUR,
,"Bull, Kyle, Mr",30016 ,31/12/2025,Reserved,COR,,29/12/2025,2/ 0,BNC-RS30735,TCDX,,0.00EUR,"2,530.00EUR"
,,,16:00,2BTH,,,14:15,,,BAREX,,0.00EUR,
,"Correia, Kauã, Mr",29960 ,29/12/2025,Reserved,,Bayerische Motoren Werke (BMW),27/12/2025,1/ 0,BNC-RS30652,KGST,,0.00EUR,"1,549.00EUR"
,,,06:15,,,,19:15,,,CORL25,,0.00EUR,
,"Al Marri, Nourah, Ms",30331 ,20/12/2025,Reserved,,Saudi Aramco,16/12/2025,1/ 0,BNC-RS31185,TWDX,,0.00EUR,"2,160.00EUR"
,,,,,,,,,,GRPBASE,,0.00EUR,
,,,,,,Saudi Aramco Group Block  |  SAU161225,,,,,,,
,"Nilsen, Jack, Mr",28190 ,22/12/2025,Reserved,,,20/12/2025,2/ 0,BNC-RS28817,KCST,,0.00EUR,"3,161.00EUR"
,,,20:30,,,,21:45,,,BAREX,,0.00EUR,
,"Izmaylov, Benjamin, Mr",29990 ,30/12/2025,Reserved,,Telefonica,28/12/2025,1/ 0,BNC-RS30696,KGSP,,0.00EUR,"3,305.00EUR"
,,,17:00,"UPGR,EXT",,,09:45,,,OTA1,,0.00EUR,
,"Mainville, Frédérique, Mrs",28673 ,24/12/2025,Reserved,,Apple Incorporated Spain,21/12/2025,2/ 0,BNC-RS29305,KINGR,,0.00EUR,"2,759.00EUR"
,,,07:00,HTCN,,,08:15,,,BAR00,,0.00EUR,
,"Bobrov, Emmanuel, Mr",29727 ,24/12/2025,Reserved,,,20/12/2025,2/ 0,BNC-RS30372,KGDX,,0.00EUR,"3,351.00EUR"
,,,,,,,,,,BAR00,,0.00EUR,
,"Henry, Jack, Mr",28509 ,20/12/2025,Reserved,,,15/12/2025,1/ 0,BNC-RS29135,KGDX,,0.00EUR,"6,436.00EUR"
,,,18:45,,,,18:45,,,BAR00,,0.00EUR,
,"Barton, Gracie, Mrs",28670 ,25/12/2025,Reserved,,Amazon Austria,21/12/2025,2/ 0,BNC-RS29302,KGDX,,0.00EUR,"1,892.00EUR"
,,,15:15,UPGR,,,22:15,,,DAY,,0.00EUR,
,"Costa, Júlio, Mr",28680 ,27/12/2025,Reserved,,Rolex AG,26/12/2025,2/ 0,BNC-RS29307,TWDX,,0.00EUR,782.00EUR
,,,05:00,DIN,,,18:15,,,OPQ,,0.00EUR,
,"Geirmundsson, Samúel, Mr",28198 ,28/12/2025,Reserved,COR,,24/12/2025,2/ 0,BNC-RS28824,TCDX,,0.00EUR,"3,590.00EUR"
,,,07:45,FPLACE,,,17:00,,,BAREX,,0.00EUR,
,"Bach, Robert, Mr",27682 ,22/12/2025,Due In,VIP,,12/12/2025,1/ 0,BNC-RS28308,KCDX,,0.00EUR,"9,600.00EUR"
,,,,,,,,,,BAREX,,0.00EUR,
,"Aslakhanov, Adlan, Mr",27171 ,31/12/2025,Reserved,REG,,24/12/2025,1/ 0,BNC-RS27799,TCDX,,0.00EUR,"5,893.00EUR"
,,,,,,Madrid Viajes,,,,BAREX,,0.00EUR,
,"Guérette, Royale, Ms",28142 ,29/12/2025,Reserved,,Tesla,19/12/2025,2/ 0,BNC-RS28768,KGSP,,0.00EUR,"9,142.00EUR"
,,,11:45,,,,15:30,,,BAR00,,0.00EUR,
,"Kowalska, Wisława, Ms",28386 ,18/12/2025,Reserved,,,13/12/2025,1/ 0,BNC-RS29013,KCST,,0.00EUR,"6,376.00EUR"
,,,19:45,,,,21:15,,,BAREX,,0.00EUR,
,"Cole, Claudia, Ms",28227 ,27/12/2025,Reserved,,,20/12/2025,2/ 0,BNC-RS28853,KCDX,,0.00EUR,"7,021.00EUR"
,,,16:45,"KING,HF,PVIEW",,,08:00,,,BAREX,,0.00EUR,
,"Ingólfsson, Bjarni, Mr",30090 ,29/12/2025,Reserved,,Adidas GmbH,26/12/2025,2/ 0,BNC-RS30848,KGSP,,0.00EUR,"2,637.00EUR"
,,,23:00,,,,06:45,,,CORL25,,0.00EUR,
,"Eldarkhanov, Musa, Mr",29201 ,31/12/2025,Reserved,,,24/12/2025,1/ 0,BNC-RS29837,KGDX,,0.00EUR,"6,941.90EUR"
,,,09:15,,,,15:45,,,RACK,,0.00EUR,
,"Al Qahtani, Faisal, Mr",30320 ,20/12/2025,Reserved,,Saudi Aramco,16/12/2025,1/ 0,BNC-RS31180,TWDX,,0.00EUR,"2,160.00EUR"
,,,,,,,,,,GRPBASE,,0.00EUR,
,,,,,,Saudi Aramco Group Block  |  SAU161225,,,,,,,
,"Nilsen, Jack, Mr",29758 ,30/12/2025,Reserved,,Telefonica,29/12/2025,1/ 0,BNC-RS30404,TWDX,,0.00EUR,689.00EUR
,,,18:30,UPGR,,,14:30,,,BARRES,,0.00EUR,
,"Rusconi, Marcus, Mr",26794 ,16/12/2025,Reserved,COR,,15/12/2025,1/ 0,BNC-RS27420,KGST,,0.00EUR,260.40EUR
,,,,,,,,,,OPQ,,0.00EUR,
,"Carr, Mariam, Dear Dr",28596 ,24/12/2025,Reserved,,,18/12/2025,1/ 0,BNC-RS29220,KGDX,,0.00EUR,"4,236.20EUR"
,,,08:30,LUG,,,10:30,,,BAR10,,0.00EUR,
,"Dias, Erick, Mr",26815 ,19/12/2025,Reserved,AIR,,14/12/2025,1/ 0,BNC-RS27441,TCDX,,0.00EUR,"3,400.00EUR"
,,,,,,Swiss Voyages,,,,BB,,0.00EUR,
,"Russo, Brigida, Ms",28488 ,15/12/2025,Due In,,Adidas GmbH,12/12/2025,2/ 0,BNC-RS29112,KGDX,,0.00EUR,"3,206.00EUR"
,,,11:45,,,,11:00,,,BAR00,,0.00EUR,
,"Valgeirsdóttir, Evlalía, Dear Dr",27109 ,19/12/2025,Reserved,,,16/12/2025,2/ 0,BNC-RS27737,TWSP,,0.00EUR,"1,856.00EUR"
,,,,,,American Express Fine Hotels and Resorts,,,,OTA1,,0.00EUR,
,"Chalmers, Ryder, Mr",28734 ,31/12/2025,Reserved,,Volkswagen AG,27/12/2025,1/ 0,BNC-RS29366,PRE,,0.00EUR,"90,430.90EUR"
,,,10:30,PLA,,,13:15,,,RACK,,0.00EUR,
,"Hlöðversson, Jónas, Mr",28480 ,27/12/2025,Reserved,,,19/12/2025,2/ 0,BNC-RS29106,TCDX,,0.00EUR,"7,423.00EUR"
,,,11:00,,,,19:00,,,BAREX,,0.00EUR,
,"Accola, Candice, Ms",26667 ,27/12/2025,Reserved,REG,Apple Incorporated Cupertino,25/12/2025,1/ 0,BNC-RS27293,KGDX,,0.00EUR,660.00EUR
,,,,"NUTA,PHY,ACTFCL,WINE,ACTPVT,HLTH,SOLO,ACTFML,PRECHECKIN,ACTMSG,HER,TREAT2",,,,,,APL,,0.00EUR,
,,,,,,  ,,,,,,,
,"Bois, Lotye, Mrs",28571 ,26/12/2025,Reserved,,Amazon Austria,24/12/2025,1/ 0,BNC-RS29198,KGDX,,0.00EUR,"2,830.00EUR"
,,,14:30,"UPGR,HTCN",,,21:00,,,BAR00,,0.00EUR,
,"Inarkaevich, Sutarbi, Mr",26827 ,27/12/2025,Reserved,,,21/12/2025,1/ 0,BNC-RS27454,KGSP,,0.00EUR,"9,490.00EUR"
,,,,,,,,,,WEL,,0.00EUR,
,"Fecteau, Inès, Dear Dr",26899 ,30/12/2025,Reserved,,Adidas GmbH,27/12/2025,1/ 0,BNC-RS27525,KGST,,0.00EUR,"2,187.00EUR"
,,,,,,,,,,CORL25,,0.00EUR,
,"Cole, Claudia, Ms",26937 ,19/12/2025,Reserved,,,15/12/2025,1/ 0,BNC-RS27561,KCDX,,0.00EUR,"3,255.00EUR"
,,,,"KING,HF,PVIEW",,,,,,BAREX,,0.00EUR,
,"Cardoso, Livia, Mrs",28409 ,24/12/2025,Reserved,,,14/12/2025,2/ 0,BNC-RS29031,TWDX,,0.00EUR,"6,700.50EUR"
,,,22:30,,,,14:30,,,BARAD,,0.00EUR,
,"Barbosa, David, Mr",28159 ,26/12/2025,Reserved,,Tesla,19/12/2025,1/ 0,BNC-RS28785,KGDX,,0.00EUR,"3,623.00EUR"
,,,18:30,HTCN,,,13:30,,,DAY,,0.00EUR,
,"Godina, Aminat, Mrs",28733 ,27/12/2025,Reserved,,Mercedes Benz,21/12/2025,1/ 0,BNC-RS29365,PRE,,0.00EUR,"132,861.00EUR"
,,,18:15,SM,,,11:15,,,RACK,,0.00EUR,
,"Al Shammari, Layla, Ms",30329 ,20/12/2025,Reserved,,Saudi Aramco,16/12/2025,1/ 0,BNC-RS31179,TWDX,,0.00EUR,"2,160.00EUR"
,,,,,,,,,,GRPBASE,,0.00EUR,
,,,,,,Saudi Aramco Group Block  |  SAU161225,,,,,,,
,"Peters, Alexander, Mr",29755 ,31/12/2025,Reserved,,Bayerische Motoren Werke (BMW),30/12/2025,1/ 0,BNC-RS30401,KGDX,,0.00EUR,"1,205.93EUR"
,,,23:45,,,,21:45,,,BARAD,,0.00EUR,
,"Onio, Itala, Mrs",26874 ,21/12/2025,Reserved,,,17/12/2025,1/ 0,BNC-RS27500,TWDX,,0.00EUR,"1,913.00EUR"
,,,,,,,,,,OTA1,,0.00EUR,
,"Biryukova, Yuna, Mrs",27819 ,27/12/2025,Reserved,,,17/12/2025,2/ 0,BNC-RS28444,KCST,,0.00EUR,"12,575.00EUR"
,,,11:45,,,,05:00,,,BAREX,,0.00EUR,
,"Barbosa, David, Mr",28070 ,19/12/2025,Reserved,,,14/12/2025,1/ 0,BNC-RS28696,KGDX,,0.00EUR,"2,397.00EUR"
,,,18:30,,,,05:15,,,DAY,,0.00EUR,
,"Bazhaev, Tumisha, Ms",28018 ,26/12/2025,Reserved,,Siemens Gamesa,19/12/2025,2/ 0,BNC-RS28644,KGDX,,0.00EUR,"3,486.00EUR"
,,,10:00,SEA,,,13:15,,,DAY,,0.00EUR,
,"Schäfer, Peter, Mr",27201 ,30/12/2025,Reserved,,,24/12/2025,1/ 0,BNC-RS27826,A1KB,,0.00EUR,"4,580.00EUR"
,,,,,,Valerie Wilson US,,,,OTA1,,0.00EUR,
